-- phpMyAdmin SQL Dump
-- version 5.1.0
-- https://www.phpmyadmin.net/
--
-- Хост: 127.0.0.1:3306
-- Время создания: Апр 18 2022 г., 18:09
-- Версия сервера: 8.0.24
-- Версия PHP: 8.0.8

SET SQL_MODE = "NO_AUTO_VALUE_ON_ZERO";
START TRANSACTION;
SET time_zone = "+00:00";


/*!40101 SET @OLD_CHARACTER_SET_CLIENT=@@CHARACTER_SET_CLIENT */;
/*!40101 SET @OLD_CHARACTER_SET_RESULTS=@@CHARACTER_SET_RESULTS */;
/*!40101 SET @OLD_COLLATION_CONNECTION=@@COLLATION_CONNECTION */;
/*!40101 SET NAMES utf8mb4 */;

--
-- База данных: `db_taskforce`
--

-- --------------------------------------------------------

--
-- Структура таблицы `category`
--

CREATE TABLE `category` (
  `id` int NOT NULL COMMENT 'id категории',
  `name` varchar(120) CHARACTER SET utf8mb4 COLLATE utf8mb4_0900_ai_ci NOT NULL COMMENT 'название категории',
  `icon` varchar(120) CHARACTER SET utf8mb4 COLLATE utf8mb4_0900_ai_ci NOT NULL COMMENT 'название на английском'
) ENGINE=InnoDB DEFAULT CHARSET=utf8mb3;

--
-- Дамп данных таблицы `category`
--

INSERT INTO `category` (`id`, `name`, `icon`) VALUES
(1, 'Курьерские услуги', 'delivary'),
(2, 'Уборка', 'clean'),
(3, 'Переезды', 'cargo'),
(4, 'Компьютерная помощь', 'neo'),
(5, 'Ремонт квартирный', 'flat'),
(6, 'Ремонт техники', 'repair'),
(7, 'Красота', 'beauty'),
(8, 'Фото', 'photo');

-- --------------------------------------------------------

--
-- Структура таблицы `respond`
--

CREATE TABLE `respond` (
  `id` int NOT NULL COMMENT 'id отклика',
  `task_id` int NOT NULL COMMENT 'id задания',
  `doer_id` int NOT NULL COMMENT 'id  исполнителя',
  `execute_budget` int NOT NULL COMMENT 'бюджет/стоимость работ',
  `comment` varchar(255) CHARACTER SET utf8mb4 COLLATE utf8mb4_0900_ai_ci NOT NULL COMMENT 'текст  отклика на задание',
  `created_at` datetime DEFAULT CURRENT_TIMESTAMP COMMENT 'время создания отклика на задание'
) ENGINE=InnoDB DEFAULT CHARSET=utf8mb3;

-- --------------------------------------------------------

--
-- Структура таблицы `review`
--

CREATE TABLE `review` (
  `id` int NOT NULL COMMENT 'id отзыва',
  `client_id` int NOT NULL COMMENT 'id заказчика',
  `task_id` int NOT NULL COMMENT 'id задания',
  `doer_id` int NOT NULL COMMENT 'id исполнителя',
  `review_content` varchar(450) CHARACTER SET utf8mb4 COLLATE utf8mb4_0900_ai_ci NOT NULL COMMENT 'содержание отзыва',
  `stars` int DEFAULT NULL COMMENT 'оценка выполнения задания 1-5 звёзд',
  `create_date` datetime DEFAULT CURRENT_TIMESTAMP COMMENT 'время создания отзыва'
) ENGINE=InnoDB DEFAULT CHARSET=utf8mb3;

-- --------------------------------------------------------

--
-- Структура таблицы `task`
--

CREATE TABLE `task` (
  `id` int NOT NULL COMMENT 'id задания',
  `created_date` timestamp NOT NULL DEFAULT CURRENT_TIMESTAMP COMMENT 'время создания задания',
  `client_id` int NOT NULL COMMENT 'id заказчика',
  `doer_id` int DEFAULT NULL COMMENT 'id  исполнителя',
  `town_id` int NOT NULL COMMENT 'id города',
  `latitude` decimal(9,7) DEFAULT NULL COMMENT 'широта города (географ.)',
  `longitude` decimal(9,7) DEFAULT NULL COMMENT 'долгота города (географ.)',
  `title` varchar(200) CHARACTER SET utf8mb4 COLLATE utf8mb4_0900_ai_ci NOT NULL COMMENT 'название задания',
  `description` varchar(450) CHARACTER SET utf8mb4 COLLATE utf8mb4_0900_ai_ci NOT NULL COMMENT 'описание задания',
  `category_id` int NOT NULL COMMENT 'категория работ',
  `budget` int NOT NULL COMMENT 'бюджет/стоимость работ',
  `finish_date` datetime NOT NULL COMMENT 'дата окончания работ',
  `task_status` varchar(120) CHARACTER SET utf8mb4 COLLATE utf8mb4_0900_ai_ci NOT NULL COMMENT 'статус задания'
) ENGINE=InnoDB DEFAULT CHARSET=utf8mb3;

--
-- Дамп данных таблицы `task`
--

INSERT INTO `task` (`id`, `created_date`, `client_id`, `doer_id`, `town_id`, `latitude`, `longitude`, `title`, `description`, `category_id`, `budget`, `finish_date`, `task_status`) VALUES
(1, '2022-04-18 12:59:46', 4, NULL, 616, NULL, NULL, 'Rerum et ipsa.', 'Qui tenetur et aspernatur suscipit eveniet maiores. Sed animi veritatis illum. Sint doloribus eos sunt hic. Praesentium deleniti asperiores voluptatem labore aliquid non a porro.', 1, 2127, '2022-05-28 00:00:00', 'new'),
(2, '2022-04-18 14:15:21', 6, NULL, 188, NULL, NULL, 'Dolorem qui at.', 'Velit aut corporis dolorem quo. Minus voluptatem harum voluptate. Provident autem ipsum consectetur consequuntur ut.', 3, 2420, '2022-03-22 00:00:00', 'finished'),
(3, '2021-12-14 20:10:14', 10, 15, 182, NULL, NULL, 'Vel ratione.', 'Delectus dicta assumenda maxime esse rerum sit id. Dolor enim laudantium optio vel culpa. Qui ut quis odio sint. Ut aut molestiae natus porro occaecati enim.', 2, 4535, '2022-02-27 00:00:00', 'new'),
(4, '2022-04-18 14:16:00', 9, NULL, 820, NULL, NULL, 'Fugiat similique ea.', 'Ut officiis dicta eveniet dolore dolorum voluptates. Assumenda deleniti laborum enim sit. Et odit doloremque in ea. Quisquam est ut rerum ut dolorem minus optio officia.', 7, 9860, '2022-02-20 00:00:00', 'new'),
(5, '2021-12-27 16:51:06', 10, 4, 938, NULL, NULL, 'Sit exercitationem.', 'Natus velit nihil voluptatem deserunt ab. Nulla quis iusto et dolorum id.', 3, 7239, '2022-04-09 00:00:00', 'undo'),
(6, '2021-12-15 04:35:37', 2, 11, 860, NULL, NULL, 'Perspiciatis in cumque.', 'At molestias qui eos praesentium. Nihil ut rerum aperiam tempora. Nisi impedit commodi nemo qui ullam est.', 5, 8498, '2022-05-30 00:00:00', 'working'),
(7, '2022-01-08 23:16:51', 14, 7, 351, NULL, NULL, 'Architecto libero voluptatem.', 'Et qui officia fugit excepturi. Voluptates rerum quo est excepturi aspernatur est. Molestiae sequi quos dolores eius reprehenderit omnis. Quia maiores pariatur et quis.', 1, 6116, '2022-02-27 00:00:00', 'finished'),
(8, '2022-01-04 14:33:26', 6, 15, 441, NULL, NULL, 'Perferendis qui.', 'Placeat sit porro consequatur sunt. Dolor quae quo voluptas qui maxime qui totam. Aut dolores numquam doloremque sit. Quaerat eos consectetur et aut et est.', 6, 1933, '2022-05-28 00:00:00', 'working'),
(9, '2022-01-17 05:30:41', 3, 8, 95, NULL, NULL, 'Non quos.', 'Facere qui nam accusamus nam. Id quo amet praesentium dignissimos omnis minus repudiandae debitis. Quia praesentium optio eaque voluptatem qui doloremque. Quis facere ab libero dolorem.', 6, 7847, '2022-05-30 00:00:00', 'failed'),
(10, '2021-12-31 04:38:39', 7, 14, 345, NULL, NULL, 'Est eaque rerum.', 'Sit sit a eum reiciendis. Eos et exercitationem quidem a sapiente distinctio assumenda. Sunt molestiae alias est doloribus. Soluta cupiditate recusandae sint voluptatem a est.', 3, 3225, '2022-03-19 00:00:00', 'working'),
(11, '2021-11-08 11:11:48', 14, 8, 230, NULL, NULL, 'Porro itaque.', 'Voluptas maxime quam aperiam voluptatibus veniam incidunt. Hic quisquam rem maxime cumque aliquam ad. Aperiam qui omnis quis provident. Rerum dolor non et possimus enim.', 3, 4497, '2022-02-19 00:00:00', 'working'),
(12, '2022-01-04 01:16:42', 3, 12, 41, NULL, NULL, 'Dolorem natus.', 'Nulla nulla aut aspernatur unde odit optio. Ut et ut atque asperiores. Minima quo qui aut ad numquam molestiae iusto nisi.', 3, 9079, '2022-04-24 00:00:00', 'new'),
(13, '2021-12-15 14:35:59', 13, 13, 829, NULL, NULL, 'Voluptatem et.', 'Et corporis magnam reiciendis qui vero nihil. Distinctio numquam qui et quidem. Sed labore nihil enim. Veritatis porro totam et laudantium.', 1, 7136, '2022-04-14 00:00:00', 'finished'),
(14, '2022-04-17 20:05:10', 12, NULL, 628, NULL, NULL, 'Molestiae ipsam ut.', 'Ut enim qui esse hic accusantium. Debitis est quibusdam quae qui deleniti. Ut hic soluta delectus nobis a quae inventore assumenda.', 2, 8931, '2022-04-10 00:00:01', 'new'),
(15, '2022-01-08 19:54:01', 3, 4, 249, NULL, NULL, 'Quam et et.', 'Voluptatem est nobis omnis a harum aliquid eos voluptatum. Vero quis expedita repellendus quo iste dolorem. Voluptatem hic hic dolores. Consequatur impedit enim eius vel quidem sed.', 1, 2126, '2022-05-07 00:00:00', 'working');

-- --------------------------------------------------------

--
-- Структура таблицы `town`
--

CREATE TABLE `town` (
  `id` int NOT NULL COMMENT 'id города',
  `city` varchar(120) CHARACTER SET utf8mb4 COLLATE utf8mb4_0900_ai_ci NOT NULL COMMENT 'название города',
  `latitude` decimal(9,7) DEFAULT NULL COMMENT 'географ. широта города',
  `longitude` decimal(9,7) DEFAULT NULL COMMENT 'географ. долгота города'
) ENGINE=InnoDB DEFAULT CHARSET=utf8mb3 COMMENT='Названия городов';

--
-- Дамп данных таблицы `town`
--

INSERT INTO `town` (`id`, `city`, `latitude`, `longitude`) VALUES
(1, 'Абаза', '52.6517296', '90.0885929'),
(2, 'Абакан', '53.7223661', '91.4437792'),
(3, 'Абдулино', '53.6778096', '53.6473115'),
(4, 'Абинск', '44.8679931', '38.1618437'),
(5, 'Агидель', '55.8997600', '53.9221149'),
(6, 'Агрыз', '56.5232645', '52.9942570'),
(7, 'Адыгейск', '44.8783715', '39.1901720'),
(8, 'Азнакаево', '54.8599054', '53.0745505'),
(9, 'Азов', '47.1120631', '39.4232597'),
(10, 'Ак-Довурак', '51.1785658', '90.5984511'),
(11, 'Аксай', '47.2676075', '39.8755485'),
(12, 'Алагир', '43.0416151', '44.2198622'),
(13, 'Алапаевск', '57.8475542', '61.6693934'),
(14, 'Алатырь', '54.8398179', '46.5721423'),
(15, 'Алдан', '58.6094885', '99.9999999'),
(16, 'Алейск', '52.4920914', '82.7794145'),
(17, 'Александров', '56.3919652', '38.7110350'),
(18, 'Александровск', '59.1613773', '57.5764851'),
(19, 'Александровск-Сахалинский', '50.8973664', '99.9999999'),
(20, 'Алексеевка', '50.6299932', '38.6881776'),
(21, 'Алексин', '54.5083788', '37.0478910'),
(22, 'Алзамай', '55.5550493', '98.6644106'),
(23, 'Алушта', '44.6764419', '34.4100387'),
(24, 'Альметьевск', '54.9013662', '52.2970654'),
(25, 'Амурск', '50.2345017', '99.9999999'),
(26, 'Анадырь', '64.7314347', '99.9999999'),
(27, 'Анапа', '44.8950777', '37.3163142'),
(28, 'Ангарск', '52.5448102', '99.9999999'),
(29, 'Андреаполь', '56.6507072', '32.2621196'),
(30, 'Анжеро-Судженск', '56.0787179', '86.0202207'),
(31, 'Анива', '46.7132526', '99.9999999'),
(32, 'Апатиты', '67.5678295', '33.4067218'),
(33, 'Апрелевка', '55.5276336', '37.0651105'),
(34, 'Апшеронск', '44.4585239', '39.7300092'),
(35, 'Арамиль', '56.6945341', '60.8343825'),
(36, 'Аргун', '43.2918071', '45.8724383'),
(37, 'Ардатов', '54.8465693', '46.2412736'),
(38, 'Ардон', '43.1756719', '44.2955701'),
(39, 'Арзамас', '55.3947544', '43.8407855'),
(40, 'Аркадак', '51.9387813', '43.4997558'),
(41, 'Армавир', '45.0010338', '41.1323920'),
(42, 'Армянск', '46.1059247', '33.6910325'),
(43, 'Арсеньев', '44.1620800', '99.9999999'),
(44, 'Арск', '56.0913636', '49.8770441'),
(45, 'Артем', '43.3500530', '99.9999999'),
(46, 'Артемовск', '54.3472901', '93.4356543'),
(47, 'Артемовский', '57.3384162', '61.8946599'),
(48, 'Архангельск', '64.5392985', '40.5170083'),
(49, 'Асбест', '57.0052428', '61.4581071'),
(50, 'Асино', '56.9908444', '86.1765724'),
(51, 'Астрахань', '46.3655808', '48.0559979'),
(52, 'Аткарск', '51.8736331', '45.0003199'),
(53, 'Ахтубинск', '48.2753078', '46.1906741'),
(54, 'Ачинск', '56.2538662', '90.4794900'),
(55, 'Аша', '54.9907105', '57.2783704'),
(56, 'Бабаево', '59.3893090', '35.9378318'),
(57, 'Бабушкин', '51.7113066', '99.9999999'),
(58, 'Бавлы', '54.4063588', '53.2457946'),
(59, 'Багратионовск', '54.3866976', '20.6418545'),
(60, 'Байкальск', '51.5231282', '99.9999999'),
(61, 'Баймак', '52.5912632', '58.3111995'),
(62, 'Бакал', '54.9406759', '58.8051085'),
(63, 'Баксан', '43.6820621', '43.5345627'),
(64, 'Балабаново', '55.1773652', '36.6567255'),
(65, 'Балаково', '52.0222694', '47.7828146'),
(66, 'Балахна', '56.4949932', '43.5758953'),
(67, 'Балашиха', '55.7963352', '37.9381413'),
(68, 'Балашов', '51.5389502', '43.1839828'),
(69, 'Балей', '51.5822063', '99.9999999'),
(70, 'Балтийск', '54.6514128', '19.9141911'),
(71, 'Барабинск', '55.3515917', '78.3465012'),
(72, 'Барнаул', '53.3481145', '83.7798362'),
(73, 'Барыш', '53.6534563', '47.1180805'),
(74, 'Батайск', '47.1383210', '39.7508382'),
(75, 'Бахчисарай', '44.7513880', '33.8750341'),
(76, 'Бежецк', '57.7861144', '36.6903445'),
(77, 'Белая Калитва', '48.1769480', '40.8033169'),
(78, 'Белая Холуница', '58.8415212', '50.8461002'),
(79, 'Белгород', '50.5977351', '36.5858236'),
(80, 'Белебей', '54.1033832', '54.1111878'),
(81, 'Белев', '53.8113348', '36.1383153'),
(82, 'Белинский', '52.9641169', '43.4185003'),
(83, 'Белово', '54.4221442', '86.3036438'),
(84, 'Белогорск', '50.9212235', '99.9999999'),
(85, 'Белогорск', '45.0571581', '34.5998775'),
(86, 'Белозерск', '60.0307914', '37.7891123'),
(87, 'Белокуриха', '51.9960534', '84.9840343'),
(88, 'Беломорск', '64.5378468', '34.7799717'),
(89, 'Белорецк', '53.9675927', '58.4099562'),
(90, 'Белореченск', '44.7652733', '39.8780457'),
(91, 'Белоусово', '55.0957679', '36.6777239'),
(92, 'Белоярский', '63.7121810', '66.6772357'),
(93, 'Белый', '55.8337663', '32.9388976'),
(94, 'Бердск', '54.7582375', '83.1072212'),
(95, 'Березники', '59.4079898', '56.8040725'),
(96, 'Березовский', '55.6692853', '86.2744636'),
(97, 'Березовский', '56.9096284', '60.8180256'),
(98, 'Беслан', '43.1937634', '44.5338746'),
(99, 'Бийск', '52.5393683', '85.2138852'),
(100, 'Бикин', '46.8186244', '99.9999999'),
(101, 'Билибино', '68.0585533', '99.9999999'),
(102, 'Биробиджан', '48.7945975', '99.9999999'),
(103, 'Бирск', '55.4157107', '55.5582335'),
(104, 'Бирюсинск', '55.9608611', '97.8203624'),
(105, 'Бирюч', '50.6483899', '38.4006203'),
(106, 'Благовещенск', '50.2905935', '99.9999999'),
(107, 'Благовещенск', '55.0499592', '55.9553090'),
(108, 'Благодарный', '45.0990834', '43.4307042'),
(109, 'Бобров', '51.0902048', '40.0320014'),
(110, 'Богданович', '56.7764419', '62.0463692'),
(111, 'Богородицк', '53.7700516', '38.1225308'),
(112, 'Богородск', '56.1019905', '43.5136780'),
(113, 'Боготол', '56.2098810', '89.5300182'),
(114, 'Богучар', '49.9352997', '40.5592467'),
(115, 'Бодайбо', '57.8468822', '99.9999999'),
(116, 'Бокситогорск', '59.4735032', '33.8456521'),
(117, 'Болгар', '54.9748862', '49.0302977'),
(118, 'Бологое', '57.8856550', '34.0536895'),
(119, 'Болотное', '55.6693773', '84.3906599'),
(120, 'Болохово', '54.0820644', '37.8268440'),
(121, 'Болхов', '53.4440204', '36.0076969'),
(122, 'Большой Камень', '43.1112737', '99.9999999'),
(123, 'Бор', '56.3565179', '44.0644851'),
(124, 'Борзя', '50.3875437', '99.9999999'),
(125, 'Борисоглебск', '51.3654619', '42.1009470'),
(126, 'Боровичи', '58.3839866', '33.9176761'),
(127, 'Боровск', '55.2130965', '36.4927446'),
(128, 'Бородино', '55.9054308', '94.9021138'),
(129, 'Братск', '56.1513951', '99.9999999'),
(130, 'Бронницы', '55.4255534', '38.2640794'),
(131, 'Брянск', '53.2420071', '34.3652716'),
(132, 'Бугульма', '54.5363428', '52.7895286'),
(133, 'Бугуруслан', '53.6522636', '52.4326166'),
(134, 'Буденновск', '44.7814437', '44.1650859'),
(135, 'Бузулук', '52.7881434', '52.2623757'),
(136, 'Буинск', '54.9641106', '48.2900576'),
(137, 'Буй', '58.4734450', '41.5306746'),
(138, 'Буйнакск', '42.8213799', '47.1164452'),
(139, 'Бутурлиновка', '50.8313227', '40.5977541'),
(140, 'Валдай', '57.9822906', '33.2369492'),
(141, 'Валуйки', '50.2112799', '38.0998765'),
(142, 'Велиж', '55.6058845', '31.1857376'),
(143, 'Великие Луки', '56.3321847', '30.5507570'),
(144, 'Великий Новгород', '58.5214003', '31.2755051'),
(145, 'Великий Устюг', '60.7603243', '46.3053893'),
(146, 'Вельск', '61.0660057', '42.1032858'),
(147, 'Венев', '54.3542431', '38.2642325'),
(148, 'Верещагино', '58.0797908', '54.6580948'),
(149, 'Верея', '55.3674668', '36.1563083'),
(150, 'Верхнеуральск', '53.8760587', '59.2169071'),
(151, 'Верхний Тагил', '57.3762768', '59.9516521'),
(152, 'Верхний Уфалей', '56.0487252', '60.2319630'),
(153, 'Верхняя Пышма', '56.9757833', '60.5648850'),
(154, 'Верхняя Салда', '58.0466039', '60.5560397'),
(155, 'Верхняя Тура', '58.3643839', '59.8266854'),
(156, 'Верхотурье', '58.8621145', '60.8104543'),
(157, 'Верхоянск', '67.5500865', '99.9999999'),
(158, 'Весьегонск', '58.6584004', '37.2568605'),
(159, 'Ветлуга', '57.8558395', '45.7762692'),
(160, 'Видное', '55.5518323', '37.7062062'),
(161, 'Вилюйск', '63.7517314', '99.9999999'),
(162, 'Вилючинск', '52.9304280', '99.9999999'),
(163, 'Вихоревка', '56.1207708', '99.9999999'),
(164, 'Вичуга', '57.2044545', '41.9131192'),
(165, 'Владивосток', '43.1163807', '99.9999999'),
(166, 'Владикавказ', '43.0205039', '44.6819383'),
(167, 'Владимир', '56.1281561', '40.4082995'),
(168, 'Волгоград', '48.7072005', '44.5170207'),
(169, 'Волгодонск', '47.5165181', '42.1984531'),
(170, 'Волгореченск', '57.4423712', '41.1593076'),
(171, 'Волжск', '55.8622987', '48.3715530'),
(172, 'Волжский', '48.7978483', '44.7462417'),
(173, 'Вологда', '59.2484186', '39.8356461'),
(174, 'Володарск', '56.2168974', '43.1597623'),
(175, 'Волоколамск', '56.0358121', '35.9585027'),
(176, 'Волосово', '59.4445107', '29.4922770'),
(177, 'Волхов', '59.9006057', '32.3521200'),
(178, 'Волчанск', '59.9350515', '60.0797964'),
(179, 'Вольск', '52.0459932', '47.3873504'),
(180, 'Воркута', '67.4973484', '64.0611045'),
(181, 'Воронеж', '51.6592378', '39.1968284'),
(182, 'Ворсма', '55.9900425', '43.2719879'),
(183, 'Воскресенск', '55.3071305', '38.7026949'),
(184, 'Воткинск', '57.0517641', '53.9874635'),
(185, 'Всеволожск', '60.0190094', '30.6455834'),
(186, 'Вуктыл', '63.8615209', '57.3165207'),
(187, 'Выборг', '60.7130748', '28.7328813'),
(188, 'Выкса', '55.3207103', '42.1679169'),
(189, 'Высоковск', '56.3361410', '36.5251316'),
(190, 'Высоцк', '60.6296511', '28.5709914'),
(191, 'Вытегра', '61.0064157', '36.4495835'),
(192, 'Вышний Волочек', '57.5683326', '34.5402931'),
(193, 'Вяземский', '47.5354416', '99.9999999'),
(194, 'Вязники', '56.2976528', '42.2687311'),
(195, 'Вязьма', '55.2115563', '34.2951196'),
(196, 'Вятские Поляны', '56.2286058', '51.0614666'),
(197, 'Гаврилов Посад', '56.5585967', '40.1228288'),
(198, 'Гаврилов-Ям', '57.3091552', '39.8545157'),
(199, 'Гагарин', '55.5526532', '34.9949049'),
(200, 'Гаджиево', '69.2490009', '33.3152445'),
(201, 'Гай', '51.4649138', '58.4436189'),
(202, 'Галич', '58.3826861', '42.3654563'),
(203, 'Гатчина', '59.5650861', '30.1281859'),
(204, 'Гвардейск', '54.6588981', '21.0500584'),
(205, 'Гдов', '58.7432585', '27.8263328'),
(206, 'Геленджик', '44.5631053', '38.0790184'),
(207, 'Георгиевск', '44.1486421', '43.4739718'),
(208, 'Глазов', '58.1359111', '52.6634998'),
(209, 'Голицыно', '55.6189762', '36.9855559'),
(210, 'Горбатов', '56.1307901', '43.0626829'),
(211, 'Горно-Алтайск', '51.9582681', '85.9602957'),
(212, 'Горнозаводск', '58.3743406', '58.3230329'),
(213, 'Горняк', '50.9979032', '81.4643059'),
(214, 'Городец', '56.6447459', '43.4722975'),
(215, 'Городище', '53.2727888', '45.7027310'),
(216, 'Городовиковск', '46.0875351', '41.9354039'),
(217, 'Гороховец', '56.2021059', '42.6925170'),
(218, 'Горячий Ключ', '44.6343251', '39.1356421'),
(219, 'Грайворон', '50.4862699', '35.6662957'),
(220, 'Гремячинск', '58.5625603', '57.8520073'),
(221, 'Грозный', '43.3179243', '45.6981102'),
(222, 'Грязи', '52.4873931', '39.9331785'),
(223, 'Грязовец', '58.8757657', '40.2484770'),
(224, 'Губаха', '58.8370240', '57.5544441'),
(225, 'Губкин', '51.2836362', '37.5347608'),
(226, 'Губкинский', '64.4456575', '76.4714559'),
(227, 'Гудермес', '43.3519164', '46.1036052'),
(228, 'Гуково', '48.0449422', '39.9484635'),
(229, 'Гулькевичи', '45.3605769', '40.6918484'),
(230, 'Гурьевск', '54.7705368', '20.6039109'),
(231, 'Гурьевск', '54.2860005', '85.9477230'),
(232, 'Гусев', '54.5915477', '22.1944114'),
(233, 'Гусиноозерск', '51.2865751', '99.9999999'),
(234, 'Гусь-Хрустальный', '55.6198065', '40.6578769'),
(235, 'Давлеканово', '54.2227617', '55.0313419'),
(236, 'Дагестанские Огни', '42.1151021', '48.1939983'),
(237, 'Далматово', '56.2621393', '62.9387378'),
(238, 'Дальнегорск', '44.5539909', '99.9999999'),
(239, 'Дальнереченск', '45.9307882', '99.9999999'),
(240, 'Данилов', '58.1859542', '40.1796765'),
(241, 'Данков', '53.2576900', '39.1457625'),
(242, 'Дегтярск', '56.7048199', '60.0792227'),
(243, 'Дедовск', '55.8704718', '37.1244724'),
(244, 'Демидов', '55.2682611', '31.5062078'),
(245, 'Дербент', '42.0589350', '48.2908653'),
(246, 'Десногорск', '54.1465117', '33.2834063'),
(247, 'Джанкой', '45.7092436', '34.3883320'),
(248, 'Дзержинск', '56.2376438', '43.4599363'),
(249, 'Дзержинский', '55.6241079', '37.8440691'),
(250, 'Дивногорск', '55.9577868', '92.3800850'),
(251, 'Дигора', '43.1567386', '44.1551132'),
(252, 'Димитровград', '54.2168446', '49.6261645'),
(253, 'Дмитриев', '52.1269291', '35.0739504'),
(254, 'Дмитров', '56.3477176', '37.5267184'),
(255, 'Дмитровск', '52.5053481', '35.1415350'),
(256, 'Дно', '57.8269802', '29.9629569'),
(257, 'Добрянка', '58.4696353', '56.4131294'),
(258, 'Долгопрудный', '55.9384901', '37.5100527'),
(259, 'Долинск', '47.3255903', '99.9999999'),
(260, 'Домодедово', '55.4363901', '37.7666263'),
(261, 'Донецк', '48.3350928', '39.9460654'),
(262, 'Донской', '53.9679582', '38.3372104'),
(263, 'Дорогобуж', '54.9137794', '33.3024596'),
(264, 'Дрезна', '55.7442991', '38.8499228'),
(265, 'Дубна', '56.7417949', '37.1757163'),
(266, 'Дубовка', '49.0555342', '44.8270813'),
(267, 'Дудинка', '69.4031339', '86.1908135'),
(268, 'Духовщина', '55.1950509', '32.4012351'),
(269, 'Дюртюли', '55.4848047', '54.8524875'),
(270, 'Дятьково', '53.5958283', '34.3550920'),
(271, 'Евпатория', '45.1904322', '33.3667685'),
(272, 'Егорьевск', '55.3831326', '39.0358236'),
(273, 'Ейск', '46.7114611', '38.2764915'),
(274, 'Екатеринбург', '56.8386326', '60.6054887'),
(275, 'Елабуга', '55.7566727', '52.0544438'),
(276, 'Елец', '52.6151738', '38.5289121'),
(277, 'Елизово', '53.1829573', '99.9999999'),
(278, 'Ельня', '54.5836832', '33.1749566'),
(279, 'Еманжелинск', '54.7554084', '61.3243985'),
(280, 'Емва', '62.5965314', '50.8731889'),
(281, 'Енисейск', '58.4485234', '92.1652370'),
(282, 'Ермолино', '55.1972714', '36.5951966'),
(283, 'Ершов', '51.3508407', '48.2763313'),
(284, 'Ессентуки', '44.0444610', '42.8589078'),
(285, 'Ефремов', '53.1465725', '38.0922412'),
(286, 'Железноводск', '44.1320689', '43.0306475'),
(287, 'Железногорск', '56.2529346', '93.5321670'),
(288, 'Железногорск', '52.3378753', '35.3516834'),
(289, 'Железногорск-Илимский', '56.5847382', '99.9999999'),
(290, 'Жердевка', '51.8421783', '41.4617407'),
(291, 'Жигулевск', '53.4011545', '49.4945290'),
(292, 'Жиздра', '53.7522384', '34.7386719'),
(293, 'Жирновск', '50.9767561', '44.7857694'),
(294, 'Жуков', '55.0301386', '36.7393279'),
(295, 'Жуковка', '53.5341219', '33.7302166'),
(296, 'Жуковский', '55.5998408', '38.1224185'),
(297, 'Завитинск', '50.1064678', '99.9999999'),
(298, 'Заводоуковск', '56.5012193', '66.5505094'),
(299, 'Заволжск', '57.4916546', '42.1374455'),
(300, 'Заволжье', '56.6404237', '43.3871565'),
(301, 'Задонск', '52.4004611', '38.9205772'),
(302, 'Заинск', '55.2988854', '52.0063634'),
(303, 'Закаменск', '50.3726774', '99.9999999'),
(304, 'Заозерный', '55.9617268', '94.7091037'),
(305, 'Заозерск', '69.4003895', '32.4502225'),
(306, 'Западная Двина', '56.2568002', '32.0805972'),
(307, 'Заполярный', '69.4132320', '30.7985332'),
(308, 'Зарайск', '54.7625993', '38.8851485'),
(309, 'Заречный', '53.1961009', '45.1691502'),
(310, 'Заречный', '56.8103345', '61.3380592'),
(311, 'Заринск', '53.7063495', '84.9314703'),
(312, 'Звенигово', '55.9739374', '48.0170276'),
(313, 'Звенигород', '55.7296168', '36.8552843'),
(314, 'Зверево', '48.0434510', '40.1264948'),
(315, 'Зеленогорск', '56.1133001', '94.5888736'),
(316, 'Зеленоградск', '54.9600226', '20.4753274'),
(317, 'Зеленодольск', '55.8466751', '48.5010882'),
(318, 'Зеленокумск', '44.4033590', '43.8841326'),
(319, 'Зерноград', '46.8494991', '40.3127650'),
(320, 'Зея', '53.7339151', '99.9999999'),
(321, 'Зима', '53.9206865', '99.9999999'),
(322, 'Златоуст', '55.1715695', '59.6726264'),
(323, 'Злынка', '52.4265906', '31.7360386'),
(324, 'Змеиногорск', '51.1580235', '82.1872476'),
(325, 'Знаменск', '48.5865618', '45.7367908'),
(326, 'Зубцов', '56.1760709', '34.5825504'),
(327, 'Зуевка', '58.4031674', '51.1330787'),
(328, 'Ивангород', '59.3765845', '28.2230504'),
(329, 'Иваново', '56.9994677', '40.9728231'),
(330, 'Ивантеевка', '55.9742303', '37.9208755'),
(331, 'Ивдель', '60.6944353', '60.4244661'),
(332, 'Игарка', '67.4667947', '86.5814287'),
(333, 'Ижевск', '56.8527444', '53.2113961'),
(334, 'Избербаш', '42.5650980', '47.8710020'),
(335, 'Изобильный', '45.3684342', '41.7086448'),
(336, 'Иланский', '56.2374163', '96.0672656'),
(337, 'Инза', '53.8550467', '46.3532786'),
(338, 'Инкерман', '44.6135153', '33.6100739'),
(339, 'Иннополис', '55.7521544', '48.7446161'),
(340, 'Инсар', '53.8770384', '44.3696866'),
(341, 'Инта', '66.0368196', '60.1154612'),
(342, 'Ипатово', '45.7181897', '42.8969695'),
(343, 'Ирбит', '57.6838406', '63.0576639'),
(344, 'Иркутск', '52.2863513', '99.9999999'),
(345, 'Исилькуль', '54.9096156', '71.2816107'),
(346, 'Искитим', '54.6266869', '83.2951444'),
(347, 'Истра', '55.9061087', '36.8600854'),
(348, 'Ишим', '56.0952037', '69.4643292'),
(349, 'Ишимбай', '53.4546314', '56.0438740'),
(350, 'Йошкар-Ола', '56.6343763', '47.8998445'),
(351, 'Кадников', '59.5037947', '40.3440473'),
(352, 'Казань', '55.7943877', '49.1115312'),
(353, 'Калач', '50.4241213', '41.0162858'),
(354, 'Калачинск', '55.0598547', '74.5655075'),
(355, 'Калач-на-Дону', '48.6887569', '43.5306866'),
(356, 'Калининград', '54.7073218', '20.5072458'),
(357, 'Калининск', '51.4992917', '44.4710177'),
(358, 'Калтан', '53.5210461', '87.2772143'),
(359, 'Калуга', '54.5060439', '36.2515933'),
(360, 'Калязин', '57.2579471', '37.7821253'),
(361, 'Камбарка', '56.2659745', '54.1934153'),
(362, 'Каменка', '53.1855474', '44.0468501'),
(363, 'Каменногорск', '60.9508768', '29.1308061'),
(364, 'Каменск-Уральский', '56.4149095', '61.9189837'),
(365, 'Каменск-Шахтинский', '48.3204412', '40.2688740'),
(366, 'Камень-на-Оби', '53.7915454', '81.3545173'),
(367, 'Камешково', '56.3488712', '40.9955682'),
(368, 'Камызяк', '46.1105429', '48.0732724'),
(369, 'Камышин', '50.0651261', '45.3843816'),
(370, 'Камышлов', '56.8465469', '62.7120432'),
(371, 'Канаш', '55.5069543', '47.4917734'),
(372, 'Кандалакша', '67.1567298', '32.4142303'),
(373, 'Канск', '56.2049776', '95.7051246'),
(374, 'Карабаново', '56.3133447', '38.7034267'),
(375, 'Карабаш', '55.4852076', '60.2358959'),
(376, 'Карабулак', '43.3054762', '44.9094521'),
(377, 'Карасук', '53.7343772', '78.0424570'),
(378, 'Карачаевск', '43.7731970', '41.9143726'),
(379, 'Карачев', '53.1297194', '34.9887859'),
(380, 'Каргат', '55.1943829', '80.2831324'),
(381, 'Каргополь', '61.5008762', '38.9636415'),
(382, 'Карпинск', '59.7664444', '60.0011798'),
(383, 'Карталы', '53.0536101', '60.6477120'),
(384, 'Касимов', '54.9373788', '41.3912912'),
(385, 'Касли', '55.8868045', '60.7422529'),
(386, 'Каспийск', '42.8916599', '47.6366674'),
(387, 'Катав-Ивановск', '54.7520187', '58.1983706'),
(388, 'Катайск', '56.2908118', '62.5800669'),
(389, 'Качканар', '58.7051759', '59.4840198'),
(390, 'Кашин', '57.3600486', '37.6118674'),
(391, 'Кашира', '54.8534263', '38.1903818'),
(392, 'Кедровый', '57.5618465', '79.5678914'),
(393, 'Кемерово', '55.3909721', '86.0467864'),
(394, 'Кемь', '64.9543657', '34.5948547'),
(395, 'Керчь', '45.3561128', '36.4674285'),
(396, 'Кизел', '59.0511764', '57.6471214'),
(397, 'Кизилюрт', '43.2039094', '46.8729311'),
(398, 'Кизляр', '43.8483915', '46.7232828'),
(399, 'Кимовск', '53.9698378', '38.5380267'),
(400, 'Кимры', '56.8733590', '37.3557064'),
(401, 'Кингисепп', '59.3739407', '28.6112981'),
(402, 'Кинель', '53.2209985', '50.6343039'),
(403, 'Кинешма', '57.4425441', '42.1690039'),
(404, 'Киреевск', '53.9321173', '37.9220791'),
(405, 'Киренск', '57.7757126', '99.9999999'),
(406, 'Киржач', '56.1485263', '38.8635035'),
(407, 'Кириллов', '59.8590353', '38.3749854'),
(408, 'Кириши', '59.4742626', '32.0625536'),
(409, 'Киров', '54.0790823', '34.3077508'),
(410, 'Киров', '58.6035313', '49.6679219'),
(411, 'Кировград', '57.4298451', '60.0623588'),
(412, 'Кирово-Чепецк', '58.5559921', '50.0317608'),
(413, 'Кировск', '59.8753710', '30.9815205'),
(414, 'Кировск', '67.6150979', '33.6637196'),
(415, 'Кирс', '59.3400586', '52.2415895'),
(416, 'Кирсанов', '52.6505940', '42.7284872'),
(417, 'Киселевск', '54.0060382', '86.6367387'),
(418, 'Кисловодск', '43.9052350', '42.7167187'),
(419, 'Клин', '56.3424886', '36.7240912'),
(420, 'Клинцы', '52.7529052', '32.2339161'),
(421, 'Княгинино', '55.8205157', '45.0322947'),
(422, 'Ковдор', '67.5661466', '30.4742082'),
(423, 'Ковров', '56.3553895', '41.3169568'),
(424, 'Ковылкино', '54.0391464', '43.9191229'),
(425, 'Когалым', '62.2638914', '74.4828687'),
(426, 'Кодинск', '58.6033961', '99.1797563'),
(427, 'Козельск', '54.0348417', '35.7807136'),
(428, 'Козловка', '55.8406526', '48.2579372'),
(429, 'Козьмодемьянск', '56.3333460', '46.5466282'),
(430, 'Кола', '68.8785079', '33.0262014'),
(431, 'Кологрив', '58.8269880', '44.3185323'),
(432, 'Коломна', '55.1027797', '38.7531734'),
(433, 'Колпашево', '58.3114716', '82.9027528'),
(434, 'Кольчугино', '56.3327616', '39.3912010'),
(435, 'Коммунар', '59.6215929', '30.3934660'),
(436, 'Комсомольск', '57.0273907', '40.3775952'),
(437, 'Комсомольск-на-Амуре', '50.5500110', '99.9999999'),
(438, 'Конаково', '56.7275533', '36.8011699'),
(439, 'Кондопога', '62.2059866', '34.2681778'),
(440, 'Кондрово', '54.7960510', '35.9276099'),
(441, 'Константиновск', '47.5773456', '41.0967362'),
(442, 'Копейск', '55.1167545', '61.6180809'),
(443, 'Кораблино', '53.9245422', '40.0227867'),
(444, 'Кореновск', '45.4640868', '39.4590178'),
(445, 'Коркино', '54.8903023', '61.4034541'),
(446, 'Королев', '55.9162558', '37.8545224'),
(447, 'Короча', '50.8130123', '37.1896543'),
(448, 'Корсаков', '46.6323995', '99.9999999'),
(449, 'Коряжма', '61.2885993', '47.1002315'),
(450, 'Костерево', '55.9336424', '39.6248220'),
(451, 'Костомукша', '64.5889946', '30.6015567'),
(452, 'Кострома', '57.8029445', '40.9907282'),
(453, 'Котельники', '55.6598980', '37.8632865'),
(454, 'Котельниково', '47.6310808', '43.1331198'),
(455, 'Котельнич', '58.3035238', '48.3474288'),
(456, 'Котлас', '61.2529842', '46.6331915'),
(457, 'Котово', '50.3205433', '44.8031864'),
(458, 'Котовск', '52.5923930', '41.5102486'),
(459, 'Кохма', '56.9325151', '41.0933071'),
(460, 'Красавино', '60.9613991', '46.4814650'),
(461, 'Красноармейск', '51.0268595', '45.7011086'),
(462, 'Красноармейск', '51.0236026', '45.6951410'),
(463, 'Красновишерск', '60.3902242', '57.0537244'),
(464, 'Красногорск', '55.8318475', '37.3294200'),
(465, 'Краснодар', '45.0402350', '38.9760801'),
(466, 'Краснозаводск', '56.4408723', '38.2320671'),
(467, 'Краснознаменск', '54.9452612', '22.4928511'),
(468, 'Краснознаменск', '55.5978962', '37.0395137'),
(469, 'Краснокаменск', '50.0928580', '99.9999999'),
(470, 'Краснокамск', '58.0820946', '55.7479797'),
(471, 'Красноперекопск', '45.9537956', '33.7921523'),
(472, 'Краснослободск', '48.7068777', '44.5631799'),
(473, 'Краснослободск', '54.4248634', '43.7845096'),
(474, 'Краснотурьинск', '59.7636934', '60.1934451'),
(475, 'Красноуральск', '58.3486334', '60.0409011'),
(476, 'Красноуфимск', '56.6122864', '57.7636958'),
(477, 'Красноярск', '56.0094660', '92.8524162'),
(478, 'Красный Кут', '50.9596867', '46.9712472'),
(479, 'Красный Сулин', '47.8830826', '40.0781385'),
(480, 'Красный Холм', '58.0570193', '37.1125975'),
(481, 'Кременки', '54.8863306', '37.1168780'),
(482, 'Кропоткин', '45.4332464', '40.5727852'),
(483, 'Крымск', '44.9344108', '37.9855314'),
(484, 'Кстово', '56.1433353', '44.1665081'),
(485, 'Кубинка', '55.5755679', '36.6952487'),
(486, 'Кувандык', '51.4784845', '57.3612029'),
(487, 'Кувшиново', '57.0263733', '34.1676435'),
(488, 'Кудымкар', '59.0168605', '54.6573459'),
(489, 'Кузнецк', '53.1131686', '46.6052497'),
(490, 'Куйбышев', '55.4684104', '78.3241042'),
(491, 'Кулебаки', '55.4297160', '42.5124830'),
(492, 'Кумертау', '52.7565537', '55.7969915'),
(493, 'Кунгур', '57.4283217', '56.9437787'),
(494, 'Купино', '54.3660317', '77.2972969'),
(495, 'Курган', '55.4443448', '65.3161339'),
(496, 'Курганинск', '44.8876442', '40.5913858'),
(497, 'Курильск', '45.2271915', '99.9999999'),
(498, 'Курлово', '55.4525994', '40.6124362'),
(499, 'Куровское', '55.5791491', '38.9208543'),
(500, 'Курск', '51.7303391', '36.1926448'),
(501, 'Куртамыш', '54.9368491', '64.4203009'),
(502, 'Курчатов', '51.6605475', '35.6571711'),
(503, 'Куса', '55.3385156', '59.4386474'),
(504, 'Кушва', '58.2825406', '59.7646113'),
(505, 'Кызыл', '51.7191542', '94.4377234'),
(506, 'Кыштым', '55.7060048', '60.5563271'),
(507, 'Кяхта', '50.3466291', '99.9999999'),
(508, 'Лабинск', '44.6353153', '40.7243850'),
(509, 'Лабытнанги', '66.6592376', '66.3882628'),
(510, 'Лагань', '45.3929617', '47.3432943'),
(511, 'Ладушкин', '54.5693538', '20.1691909'),
(512, 'Лаишево', '55.4042646', '49.5498201'),
(513, 'Лакинск', '56.0180614', '39.9564706'),
(514, 'Лангепас', '61.2536667', '75.1807905'),
(515, 'Лахденпохья', '61.5189466', '30.1995920'),
(516, 'Лебедянь', '53.0156678', '39.1434980'),
(517, 'Лениногорск', '54.5966917', '52.4432118'),
(518, 'Ленинск', '48.6936234', '45.1992835'),
(519, 'Ленинск-Кузнецкий', '54.6674092', '86.1796724'),
(520, 'Ленск', '60.7276036', '99.9999999'),
(521, 'Лермонтов', '44.1052526', '42.9731433'),
(522, 'Лесной', '58.6349810', '59.7980528'),
(523, 'Лесозаводск', '45.4780192', '99.9999999'),
(524, 'Лесосибирск', '58.2218201', '92.5036986'),
(525, 'Ливны', '52.4285122', '37.6039440'),
(526, 'Ликино-Дулево', '55.7078531', '38.9577103'),
(527, 'Липецк', '52.6103027', '39.5946266'),
(528, 'Липки', '53.9418109', '37.7019452'),
(529, 'Лиски', '50.9944734', '39.5183020'),
(530, 'Лихославль', '57.1222560', '35.4667886'),
(531, 'Лобня', '56.0328745', '37.4614671'),
(532, 'Лодейное Поле', '60.7320564', '33.5522225'),
(533, 'Лосино-Петровский', '55.8714441', '38.2005377'),
(534, 'Луга', '58.7373818', '29.8466657'),
(535, 'Луза', '60.6290781', '47.2612069'),
(536, 'Лукоянов', '55.0327349', '44.4933829'),
(537, 'Луховицы', '54.9651617', '39.0261346'),
(538, 'Лысково', '56.0262298', '45.0356702'),
(539, 'Лысьва', '58.0995987', '57.8085728'),
(540, 'Лыткарино', '55.5778065', '37.9034952'),
(541, 'Льгов', '51.6596935', '35.2611592'),
(542, 'Любань', '59.3492573', '31.2485276'),
(543, 'Люберцы', '55.7004160', '37.9606496'),
(544, 'Любим', '58.3619868', '40.6869581'),
(545, 'Людиново', '53.8701406', '34.4385498'),
(546, 'Лянтор', '61.6391639', '72.1793828'),
(547, 'Магадан', '59.5681763', '99.9999999'),
(548, 'Магас', '43.1686967', '44.8130849'),
(549, 'Магнитогорск', '53.4071891', '58.9791432'),
(550, 'Майкоп', '44.6098268', '40.1006527'),
(551, 'Майский', '43.6281779', '44.0516663'),
(552, 'Макаров', '48.6236287', '99.9999999'),
(553, 'Макарьев', '57.8808916', '43.8014428'),
(554, 'Макушино', '55.2154025', '67.2452558'),
(555, 'Малая Вишера', '58.8458076', '32.2247984'),
(556, 'Малгобек', '43.5097009', '44.5901517'),
(557, 'Малмыж', '56.5243722', '50.6782757'),
(558, 'Малоархангельск', '52.4001151', '36.5037931'),
(559, 'Малоярославец', '55.0176756', '36.4632122'),
(560, 'Мамадыш', '55.7149876', '51.4128614'),
(561, 'Мамоново', '54.4645591', '19.9454114'),
(562, 'Мантурово', '58.3264667', '44.7575036'),
(563, 'Мариинск', '56.2127836', '87.7454392'),
(564, 'Мариинский Посад', '56.1119680', '47.7142676'),
(565, 'Маркс', '51.7133973', '46.7400684'),
(566, 'Махачкала', '42.9848572', '47.5046303'),
(567, 'Мглин', '53.0600644', '32.8467217'),
(568, 'Мегион', '61.0318946', '76.1024772'),
(569, 'Медвежьегорск', '62.9127678', '34.4567614'),
(570, 'Медногорск', '51.4039421', '57.5832185'),
(571, 'Медынь', '54.9690755', '35.8873130'),
(572, 'Межгорье', '54.2396830', '57.9614600'),
(573, 'Междуреченск', '53.6865695', '88.0703888'),
(574, 'Мезень', '65.8398386', '44.2531865'),
(575, 'Меленки', '55.3387017', '41.6341240'),
(576, 'Мелеуз', '52.9590637', '55.9283483'),
(577, 'Менделеевск', '55.8950646', '52.3144177'),
(578, 'Мензелинск', '55.7270908', '53.1005321'),
(579, 'Мещовск', '54.3191127', '35.2816065'),
(580, 'Миасс', '55.0455774', '60.1077757'),
(581, 'Микунь', '62.3580188', '50.0719738'),
(582, 'Миллерово', '48.9258210', '40.3983302'),
(583, 'Минеральные Воды', '44.2088942', '43.1383482'),
(584, 'Минусинск', '53.7105509', '91.6871866'),
(585, 'Миньяр', '55.0709601', '57.5484435'),
(586, 'Мирный', '62.7644267', '40.3359976'),
(587, 'Мирный', '62.5362511', '99.9999999'),
(588, 'Михайлов', '54.2296493', '39.0090857'),
(589, 'Михайловка', '50.0708749', '43.2400847'),
(590, 'Михайловск', '56.4369736', '59.1138650'),
(591, 'Михайловск', '45.1296297', '42.0287870'),
(592, 'Мичуринск', '52.8912940', '40.5104750'),
(593, 'Могоча', '53.7362465', '99.9999999'),
(594, 'Можайск', '55.5069819', '36.0240724'),
(595, 'Можга', '56.4427219', '52.2138882'),
(596, 'Моздок', '43.7471209', '44.6571456'),
(597, 'Мончегорск', '67.9385206', '32.9358886'),
(598, 'Морозовск', '48.3511724', '41.8308006'),
(599, 'Моршанск', '53.4436469', '41.8115687'),
(600, 'Мосальск', '54.4825589', '34.9872060'),
(601, 'Муравленко', '63.7941880', '74.4949130'),
(602, 'Мураши', '59.3956347', '48.9637651'),
(603, 'Мурманск', '69.0076958', '33.0686019'),
(604, 'Муром', '55.5632276', '42.0230060'),
(605, 'Мценск', '53.2790021', '36.5749920'),
(606, 'Мыски', '53.7125516', '87.8056657'),
(607, 'Мытищи', '55.9104647', '37.7363702'),
(608, 'Мышкин', '57.7881664', '38.4542816'),
(609, 'Набережные Челны', '55.7436475', '52.3958739'),
(610, 'Навашино', '55.5439105', '42.1887734'),
(611, 'Наволоки', '57.4678426', '41.9607371'),
(612, 'Надым', '65.5377514', '72.5182746'),
(613, 'Назарово', '56.0113176', '90.4167947'),
(614, 'Назрань', '43.2257977', '44.7646850'),
(615, 'Называевск', '55.5688811', '71.3502572'),
(616, 'Нальчик', '43.4846312', '43.6070316'),
(617, 'Нариманов', '46.6916597', '47.8501624'),
(618, 'Наро-Фоминск', '55.3802749', '36.7608038'),
(619, 'Нарткала', '43.5577208', '43.8576411'),
(620, 'Нарьян-Мар', '67.6381525', '53.0069336'),
(621, 'Находка', '42.8240404', '99.9999999'),
(622, 'Невель', '56.0201544', '29.9240505'),
(623, 'Невельск', '46.6527314', '99.9999999'),
(624, 'Невинномысск', '44.6227404', '41.9476147'),
(625, 'Невьянск', '57.4912330', '60.2181839'),
(626, 'Нелидово', '56.2232417', '32.7766656'),
(627, 'Неман', '55.0315543', '22.0323961'),
(628, 'Нерехта', '57.4543706', '40.5725438'),
(629, 'Нерчинск', '51.9595512', '99.9999999'),
(630, 'Нерюнгри', '56.6600322', '99.9999999'),
(631, 'Нестеров', '54.6314454', '22.5713658'),
(632, 'Нефтегорск', '52.7972590', '51.1637126'),
(633, 'Нефтекамск', '56.0883075', '54.2483391'),
(634, 'Нефтекумск', '44.7544866', '44.9865041'),
(635, 'Нефтеюганск', '61.0882837', '72.6164185'),
(636, 'Нея', '58.2944499', '43.8780965'),
(637, 'Нижневартовск', '60.9397379', '76.5696206'),
(638, 'Нижнекамск', '55.6311963', '51.8144070'),
(639, 'Нижнеудинск', '54.8969105', '99.0313481'),
(640, 'Нижние Серги', '56.6544606', '59.2952291'),
(641, 'Нижний Ломов', '53.5301274', '43.6729216'),
(642, 'Нижний Новгород', '56.3242093', '44.0053948'),
(643, 'Нижний Тагил', '57.9101038', '59.9813242'),
(644, 'Нижняя Салда', '58.0749243', '60.7026555'),
(645, 'Нижняя Тура', '58.6310942', '59.8521265'),
(646, 'Николаевск', '50.0166952', '45.4733204'),
(647, 'Николаевск-на-Амуре', '53.1461943', '99.9999999'),
(648, 'Никольск', '59.5350162', '45.4575468'),
(649, 'Никольск', '53.7138397', '46.0799620'),
(650, 'Никольское', '59.7042633', '30.7874879'),
(651, 'Новая Ладога', '60.1100013', '32.3141446'),
(652, 'Новая Ляля', '59.0539610', '60.5945405'),
(653, 'Новоалександровск', '45.4933561', '41.2154482'),
(654, 'Новоалтайск', '53.4120811', '83.9311249'),
(655, 'Новоаннинский', '50.5296873', '42.6666038'),
(656, 'Нововоронеж', '51.3092463', '39.2162865'),
(657, 'Новодвинск', '64.4136023', '40.8208003'),
(658, 'Новозыбков', '52.5371426', '31.9356826'),
(659, 'Новокубанск', '45.1038782', '41.0473679'),
(660, 'Новокузнецк', '53.7942757', '87.2144046'),
(661, 'Новокуйбышевск', '53.0995303', '49.9477662'),
(662, 'Новомичуринск', '54.0377979', '39.7467023'),
(663, 'Новомосковск', '54.0109754', '38.2915652'),
(664, 'Новопавловск', '43.9617565', '43.6342855'),
(665, 'Новоржев', '57.0298332', '29.3433330'),
(666, 'Новороссийск', '44.7234264', '37.7687218'),
(667, 'Новосибирск', '55.0281016', '82.9210575'),
(668, 'Новосиль', '52.9747225', '37.0438402'),
(669, 'Новосокольники', '56.3407627', '30.1527712'),
(670, 'Новотроицк', '51.1965071', '58.3017455'),
(671, 'Новоузенск', '50.4551744', '48.1412622'),
(672, 'Новоульяновск', '54.1447691', '48.3911701'),
(673, 'Новоуральск', '57.2471507', '60.0957010'),
(674, 'Новохоперск', '51.0953461', '41.6173714'),
(675, 'Новочебоксарск', '56.1094860', '47.4791429'),
(676, 'Новочеркасск', '47.4119248', '40.1042066'),
(677, 'Новошахтинск', '47.7576522', '39.9364709'),
(678, 'Новый Оскол', '50.7635162', '37.8774026'),
(679, 'Новый Уренгой', '66.0840036', '76.6810032'),
(680, 'Ногинск', '55.8686239', '38.4621635'),
(681, 'Нолинск', '57.5596946', '49.9357867'),
(682, 'Норильск', '69.3490828', '88.2009965'),
(683, 'Ноябрьск', '63.2018460', '75.4509665'),
(684, 'Нурлат', '54.4281578', '50.8050431'),
(685, 'Нытва', '57.9337429', '55.3357261'),
(686, 'Нюрба', '63.2828775', '99.9999999'),
(687, 'Нягань', '62.1454839', '65.3944361'),
(688, 'Нязепетровск', '56.0537199', '59.6096791'),
(689, 'Няндома', '61.6653735', '40.2061699'),
(690, 'Облучье', '49.0188344', '99.9999999'),
(691, 'Обнинск', '55.0943892', '36.6121785'),
(692, 'Обоянь', '51.2120120', '36.2754250'),
(693, 'Обь', '54.9945882', '82.6937925'),
(694, 'Одинцово', '55.6789292', '37.2636389'),
(695, 'Озерск', '54.4084804', '22.0135080'),
(696, 'Озерск', '55.7631922', '60.7076337'),
(697, 'Озеры', '54.8539944', '38.5598700'),
(698, 'Октябрьск', '53.1640886', '48.6707463'),
(699, 'Октябрьский', '54.4815344', '53.4656611'),
(700, 'Окуловка', '58.3908717', '33.2902474'),
(701, 'Олекминск', '60.3758203', '99.9999999'),
(702, 'Оленегорск', '68.1422068', '33.2670094'),
(703, 'Олонец', '60.9793604', '32.9726031'),
(704, 'Омск', '54.9848136', '73.3674638'),
(705, 'Омутнинск', '58.6697684', '52.1893554'),
(706, 'Онега', '63.9163966', '38.0805749'),
(707, 'Опочка', '56.7107956', '28.6717455'),
(708, 'Орёл', '52.9672573', '36.0696479'),
(709, 'Оренбург', '51.7875191', '55.1017379'),
(710, 'Орехово-Зуево', '55.8151729', '38.9870711'),
(711, 'Орлов', '58.5389402', '48.8929268'),
(712, 'Орск', '51.2293069', '58.4751889'),
(713, 'Оса', '57.2889992', '55.4688982'),
(714, 'Осинники', '53.5987397', '87.3369948'),
(715, 'Осташков', '57.1457205', '33.1116707'),
(716, 'Остров', '57.3452408', '28.3437107'),
(717, 'Островной', '68.0509133', '39.5076034'),
(718, 'Острогожск', '50.8678083', '39.0406398'),
(719, 'Отрадное', '59.7725960', '30.7988403'),
(720, 'Отрадный', '53.3800609', '51.3438695'),
(721, 'Оха', '53.5868238', '99.9999999'),
(722, 'Оханск', '57.7178946', '55.3871530'),
(723, 'Очер', '57.8851991', '54.7161756'),
(724, 'Павлово', '55.9797995', '43.0996232'),
(725, 'Павловск', '50.4533684', '40.1369087'),
(726, 'Павловский Посад', '55.7806718', '38.6596047'),
(727, 'Палласовка', '50.0501422', '46.8803355'),
(728, 'Партизанск', '43.1279833', '99.9999999'),
(729, 'Певек', '69.7018051', '99.9999999'),
(730, 'Пенза', '53.1753884', '45.0347408'),
(731, 'Первомайск', '54.8676182', '43.8012829'),
(732, 'Первоуральск', '56.9081665', '59.9429205'),
(733, 'Перевоз', '55.5969040', '44.5450268'),
(734, 'Пересвет', '56.4158828', '38.1733567'),
(735, 'Переславль-Залесский', '56.7360435', '38.8543064'),
(736, 'Пермь', '58.0103211', '56.2341778'),
(737, 'Пестово', '58.5973944', '35.8144523'),
(738, 'Петров Вал', '50.1380355', '45.2091455'),
(739, 'Петровск', '52.3093782', '45.3851649'),
(740, 'Петровск-Забайкальский', '51.2748381', '99.9999999'),
(741, 'Петрозаводск', '61.7890900', '34.3596263'),
(742, 'Петропавловск-Камчатский', '53.0370213', '99.9999999'),
(743, 'Петухово', '55.0649932', '67.8874369'),
(744, 'Петушки', '55.9297657', '39.4507913'),
(745, 'Печора', '65.1485717', '57.2238800'),
(746, 'Печоры', '57.8146689', '27.6222823'),
(747, 'Пикалево', '59.5130655', '34.1773982'),
(748, 'Пионерский', '54.9516927', '20.2276970'),
(749, 'Питкяранта', '61.5756886', '31.4641309'),
(750, 'Плавск', '53.7095993', '37.2863144'),
(751, 'Пласт', '54.3691832', '60.8152305'),
(752, 'Плес', '57.4605304', '41.5123010'),
(753, 'Поворино', '51.1953446', '42.2472432'),
(754, 'Подольск', '55.4389588', '37.5702700'),
(755, 'Подпорожье', '60.9127463', '34.1567832'),
(756, 'Покачи', '61.7421977', '75.5942069'),
(757, 'Покров', '55.9167118', '39.1733641'),
(758, 'Покровск', '61.4843538', '99.9999999'),
(759, 'Полевской', '56.4958085', '60.2366314'),
(760, 'Полесск', '54.8626321', '21.0998148'),
(761, 'Полысаево', '54.6053968', '86.2808803'),
(762, 'Полярные Зори', '67.3730192', '32.4975410'),
(763, 'Полярный', '69.1988373', '33.4509985'),
(764, 'Поронайск', '49.2387983', '99.9999999'),
(765, 'Порхов', '57.7764223', '29.5436424'),
(766, 'Похвистнево', '53.6498197', '52.1235517'),
(767, 'Почеп', '52.9154724', '33.4744608'),
(768, 'Починок', '54.4063031', '32.4397914'),
(769, 'Пошехонье', '58.5063280', '39.1210034'),
(770, 'Правдинск', '54.4430604', '21.0083638'),
(771, 'Приволжск', '57.3807249', '41.2809239'),
(772, 'Приморск', '54.7311185', '19.9983108'),
(773, 'Приморск', '60.3660787', '28.6135962'),
(774, 'Приморско-Ахтарск', '46.0515000', '38.1704654'),
(775, 'Приозерск', '61.0331300', '30.1587600'),
(776, 'Прокопьевск', '53.8604562', '86.7183428'),
(777, 'Пролетарск', '46.7038968', '41.7274533'),
(778, 'Протвино', '54.8706614', '37.2183307'),
(779, 'Прохладный', '43.7589521', '44.0101936'),
(780, 'Псков', '57.8192840', '28.3318188'),
(781, 'Пугачев', '52.0158464', '48.7972652'),
(782, 'Пудож', '61.8059147', '36.5330088'),
(783, 'Пустошка', '56.3375131', '29.3668243'),
(784, 'Пучеж', '56.9820750', '43.1683878'),
(785, 'Пушкино', '56.0104548', '37.8471438'),
(786, 'Пущино', '54.8325210', '37.6210428'),
(787, 'Пыталово', '57.0637109', '27.9234759'),
(788, 'Пыть-Ях', '60.7585769', '72.8366445'),
(789, 'Пятигорск', '44.0411669', '43.0661091'),
(790, 'Радужный', '55.9961034', '40.3323247'),
(791, 'Радужный', '62.1343067', '77.4584346'),
(792, 'Райчихинск', '49.7941882', '99.9999999'),
(793, 'Раменское', '55.5495290', '38.2730150'),
(794, 'Рассказово', '52.6537517', '41.8743779'),
(795, 'Ревда', '56.7986900', '59.9071464'),
(796, 'Реж', '57.3717914', '61.3833223'),
(797, 'Реутов', '55.7582360', '37.8619443'),
(798, 'Ржев', '56.2629393', '34.3291178'),
(799, 'Родники', '57.1024137', '41.7298908'),
(800, 'Рославль', '53.9449601', '32.8479617'),
(801, 'Россошь', '50.1700890', '39.6225534'),
(802, 'Ростов', '57.2050177', '39.4378357'),
(803, 'Ростов-на-Дону', '47.2224364', '39.7187866'),
(804, 'Рошаль', '55.6632504', '39.8655434'),
(805, 'Ртищево', '52.2616298', '43.7842399'),
(806, 'Рубцовск', '51.5013075', '81.2077729'),
(807, 'Рудня', '54.9441357', '31.0794758'),
(808, 'Руза', '55.7015302', '36.1960043'),
(809, 'Рузаевка', '54.0583238', '44.9491160'),
(810, 'Рыбинск', '58.0483802', '38.8583380'),
(811, 'Рыбное', '54.7255937', '39.5134380'),
(812, 'Рыльск', '51.5681650', '34.6802178'),
(813, 'Ряжск', '53.7067718', '40.0521358'),
(814, 'Рязань', '54.6254570', '39.7359992'),
(815, 'Саки', '45.1342889', '33.6032508'),
(816, 'Салават', '53.3616311', '55.9245559'),
(817, 'Салаир', '54.2351588', '85.8029215'),
(818, 'Салехард', '66.5493568', '66.6083994'),
(819, 'Сальск', '46.4751689', '41.5412229'),
(820, 'Самара', '53.1951657', '50.1067691'),
(821, 'Саранск', '54.1807601', '45.1862263'),
(822, 'Сарапул', '56.4616117', '53.8036967'),
(823, 'Саратов', '51.5303760', '45.9530257'),
(824, 'Саров', '54.9227002', '43.3447792'),
(825, 'Сасово', '54.3508070', '41.9117458'),
(826, 'Сатка', '55.0404497', '59.0288153'),
(827, 'Сафоново', '55.1199868', '33.2337990'),
(828, 'Саяногорск', '53.1008226', '91.4121643'),
(829, 'Саянск', '54.1107787', '99.9999999'),
(830, 'Светлогорск', '54.9439566', '20.1514789'),
(831, 'Светлоград', '45.3284769', '42.8566923'),
(832, 'Светлый', '54.6774051', '20.1356625'),
(833, 'Светогорск', '61.1112679', '28.8726666'),
(834, 'Свирск', '53.0842576', '99.9999999'),
(835, 'Свободный', '51.3612640', '99.9999999'),
(836, 'Себеж', '56.2907663', '28.4725735'),
(837, 'Северобайкальск', '55.6357165', '99.9999999'),
(838, 'Северодвинск', '64.5625300', '39.8182715'),
(839, 'Северо-Курильск', '50.6731056', '99.9999999'),
(840, 'Североморск', '69.0765029', '33.4178354'),
(841, 'Североуральск', '60.1533333', '59.9525274'),
(842, 'Северск', '56.6031143', '84.8809687'),
(843, 'Севск', '52.1484215', '34.4918198'),
(844, 'Сегежа', '63.7437211', '34.3126755'),
(845, 'Сельцо', '53.3738801', '34.1059226'),
(846, 'Семенов', '56.7889350', '44.4903571'),
(847, 'Семикаракорск', '47.5177981', '40.8115850'),
(848, 'Семилуки', '51.6951846', '39.0189797'),
(849, 'Сенгилей', '53.9590553', '48.7767869'),
(850, 'Серафимович', '49.5662860', '42.7360013'),
(851, 'Сергач', '55.5200364', '45.4813193'),
(852, 'Сергиев Посад', '56.3063411', '38.1502568'),
(853, 'Сердобск', '52.4697532', '44.2122688'),
(854, 'Серов', '59.6048651', '60.5752136'),
(855, 'Серпухов', '54.9225396', '37.4032682'),
(856, 'Сертолово', '60.1445800', '30.2094595'),
(857, 'Сибай', '52.7205811', '58.6663303'),
(858, 'Сим', '54.9906584', '57.6899045'),
(859, 'Симферополь', '44.9482645', '34.1001170'),
(860, 'Сковородино', '53.9871004', '99.9999999'),
(861, 'Скопин', '53.8236028', '39.5493286'),
(862, 'Славгород', '52.9993053', '78.6459674'),
(863, 'Славск', '55.0451054', '21.6742294'),
(864, 'Славянск-на-Кубани', '45.2605079', '38.1260725'),
(865, 'Сланцы', '59.1178693', '28.0881060'),
(866, 'Слободской', '58.7311934', '50.1670091'),
(867, 'Слюдянка', '51.6562679', '99.9999999'),
(868, 'Смоленск', '54.7867168', '31.8153366'),
(869, 'Снежинск', '56.0852320', '60.7324989'),
(870, 'Снежногорск', '69.1921469', '33.2382821'),
(871, 'Собинка', '55.9937980', '40.0180034'),
(872, 'Советск', '55.0810474', '21.8886272'),
(873, 'Советск', '57.5841434', '48.9589228'),
(874, 'Советск', '53.9337099', '37.6315517'),
(875, 'Советская Гавань', '48.9664554', '99.9999999'),
(876, 'Советский', '61.3706695', '63.5668630'),
(877, 'Сокол', '59.4759156', '40.1114414'),
(878, 'Солигалич', '59.0786729', '42.2877245'),
(879, 'Соликамск', '59.6483518', '56.7710358'),
(880, 'Солнечногорск', '56.2148655', '37.0967653'),
(881, 'Сольвычегодск', '61.3318091', '46.9203510'),
(882, 'Соль-Илецк', '51.1634976', '54.9895391'),
(883, 'Сольцы', '58.1201693', '30.3092850'),
(884, 'Сорочинск', '52.4265081', '53.1542123'),
(885, 'Сорск', '54.0001451', '90.2595674'),
(886, 'Сортавала', '61.7032216', '30.6917021'),
(887, 'Сосенский', '54.0565250', '35.9621458'),
(888, 'Сосновка', '56.2533149', '51.2833412'),
(889, 'Сосновоборск', '56.1202088', '93.3353411'),
(890, 'Сосновый Бор', '59.8772921', '29.1290866'),
(891, 'Сосногорск', '63.5990137', '53.8762792'),
(892, 'Сочи', '43.5855829', '39.7231419'),
(893, 'Спас-Деменск', '54.4099201', '34.0190263'),
(894, 'Спас-Клепики', '55.1291472', '40.1745036'),
(895, 'Спасск', '53.9271630', '43.1860475'),
(896, 'Спасск-Дальний', '44.5900929', '99.9999999'),
(897, 'Спасск-Рязанский', '54.4071497', '40.3764367'),
(898, 'Среднеколымск', '67.4581664', '99.9999999'),
(899, 'Среднеуральск', '56.9918830', '60.4771953'),
(900, 'Сретенск', '52.2462356', '99.9999999'),
(901, 'Ставрополь', '45.0445439', '41.9690168'),
(902, 'Старая Купавна', '55.8038411', '38.1426144'),
(903, 'Старая Русса', '57.9906873', '31.3555076'),
(904, 'Старица', '56.5149550', '34.9335145'),
(905, 'Стародуб', '52.5851881', '32.7603628'),
(906, 'Старый Крым', '45.0290659', '35.0900885'),
(907, 'Старый Оскол', '51.2965991', '37.8349849'),
(908, 'Стерлитамак', '53.6302498', '55.9315707'),
(909, 'Стрежевой', '60.7328199', '77.6040323'),
(910, 'Строитель', '50.7845571', '36.4886619'),
(911, 'Струнино', '56.3750001', '38.5839380'),
(912, 'Ступино', '54.9238403', '38.1186976'),
(913, 'Суворов', '54.1345367', '36.4806933'),
(914, 'Судак', '44.8505913', '34.9761591'),
(915, 'Суджа', '51.1919711', '35.2719619'),
(916, 'Судогда', '55.9498970', '40.8563392'),
(917, 'Суздаль', '56.4273814', '40.4525581'),
(918, 'Суоярви', '62.0787769', '32.3499029'),
(919, 'Сураж', '53.0171239', '32.3938351'),
(920, 'Сургут', '61.2539773', '73.3961726'),
(921, 'Суровикино', '48.6189756', '42.8541308'),
(922, 'Сурск', '53.0760597', '45.6911897'),
(923, 'Сусуман', '62.7804628', '99.9999999'),
(924, 'Сухиничи', '54.0973787', '35.3443077'),
(925, 'Сухой Лог', '56.9075938', '62.0358708'),
(926, 'Сызрань', '53.1557213', '48.4745419'),
(927, 'Сыктывкар', '61.6687890', '50.8356491'),
(928, 'Сысерть', '56.5005200', '60.8190708'),
(929, 'Сычевка', '55.8307397', '34.2778680'),
(930, 'Сясьстрой', '60.1402454', '32.5602015'),
(931, 'Тавда', '58.0434196', '65.2743232'),
(932, 'Таганрог', '47.2094907', '38.9351540'),
(933, 'Тайга', '56.0622767', '85.6207907'),
(934, 'Тайшет', '55.9405397', '98.0030649'),
(935, 'Талдом', '56.7308993', '37.5276414'),
(936, 'Талица', '57.0123359', '63.7322467'),
(937, 'Тамбов', '52.7213021', '41.4522580'),
(938, 'Тара', '56.9159171', '74.3649643'),
(939, 'Тарко-Сале', '64.9117649', '77.7610204'),
(940, 'Таруса', '54.7236791', '37.1670866'),
(941, 'Татарск', '55.2145894', '75.9740805'),
(942, 'Таштагол', '52.7594505', '87.8477272'),
(943, 'Тверь', '56.8585396', '35.9117898'),
(944, 'Теберда', '43.4438408', '41.7414924'),
(945, 'Тейково', '56.8542712', '40.5355289'),
(946, 'Темников', '54.6309086', '43.2161785'),
(947, 'Темрюк', '45.2611082', '37.4455190'),
(948, 'Терек', '43.4838439', '44.1402524'),
(949, 'Тетюши', '54.9365750', '48.8314915'),
(950, 'Тимашевск', '45.6159358', '38.9350513'),
(951, 'Тихвин', '59.6273809', '33.5072307'),
(952, 'Тихорецк', '45.8546953', '40.1258702'),
(953, 'Тобольск', '58.2016828', '68.2538392'),
(954, 'Тогучин', '55.2250038', '84.4103867'),
(955, 'Тольятти', '53.5206438', '49.3894610'),
(956, 'Томари', '47.7619957', '99.9999999'),
(957, 'Томмот', '58.9586939', '99.9999999'),
(958, 'Томск', '56.4847036', '84.9481737'),
(959, 'Топки', '55.2766036', '85.6153223'),
(960, 'Торжок', '57.0412804', '34.9600691'),
(961, 'Торопец', '56.5011791', '31.6354366'),
(962, 'Тосно', '59.5406697', '30.8777872'),
(963, 'Тотьма', '59.9735051', '42.7589701'),
(964, 'Трехгорный', '54.8178174', '58.4465039'),
(965, 'Троицк', '54.0844132', '61.5585503'),
(966, 'Трубчевск', '52.5791314', '33.7660013'),
(967, 'Туапсе', '44.1103707', '39.0826450'),
(968, 'Туймазы', '54.5999889', '53.6949081'),
(969, 'Тула', '54.1920170', '37.6153885'),
(970, 'Тулун', '54.5571409', '99.9999999'),
(971, 'Туран', '52.1449320', '93.9172495'),
(972, 'Туринск', '58.0394258', '63.6981420'),
(973, 'Тутаев', '57.8674237', '39.5368234'),
(974, 'Тында', '55.1546401', '99.9999999'),
(975, 'Тырныауз', '43.3981939', '42.9215127'),
(976, 'Тюкалинск', '55.8705121', '72.1956156'),
(977, 'Тюмень', '57.1530824', '65.5343118'),
(978, 'Уварово', '51.9768835', '42.2529568'),
(979, 'Углегорск', '49.0816311', '99.9999999'),
(980, 'Углич', '57.5223866', '38.3019793'),
(981, 'Удачный', '66.4072367', '99.9999999'),
(982, 'Удомля', '57.8787885', '35.0167160'),
(983, 'Ужур', '55.3141977', '89.8333827'),
(984, 'Узловая', '53.9731407', '38.1763104'),
(985, 'Улан-Удэ', '51.8334378', '99.9999999'),
(986, 'Ульяновск', '54.3080674', '48.3748717'),
(987, 'Унеча', '52.8460665', '32.6757071'),
(988, 'Урай', '60.1295842', '64.8040117'),
(989, 'Урень', '57.4612547', '45.7833940'),
(990, 'Уржум', '57.1097612', '50.0056278'),
(991, 'Урюпинск', '50.7904767', '42.0288589'),
(992, 'Усинск', '65.9941116', '57.5570054'),
(993, 'Усмань', '52.0444165', '39.7264516'),
(994, 'Усолье', '59.4279356', '56.6837783'),
(995, 'Усолье-Сибирское', '52.7567192', '99.9999999'),
(996, 'Уссурийск', '43.7972600', '99.9999999'),
(997, 'Усть-Джегута', '44.0838520', '41.9711280'),
(998, 'Усть-Илимск', '57.9431325', '99.9999999'),
(999, 'Усть-Катав', '54.9261323', '58.1528067'),
(1000, 'Усть-Кут', '56.7928049', '99.9999999'),
(1001, 'Усть-Лабинск', '45.2226760', '39.6930239'),
(1002, 'Устюжна', '58.8383671', '36.4425046'),
(1003, 'Уфа', '54.7348530', '55.9578647'),
(1004, 'Ухта', '63.5564779', '53.7014202'),
(1005, 'Учалы', '54.3066965', '59.4126559'),
(1006, 'Уяр', '55.8131698', '94.3282148'),
(1007, 'Фатеж', '52.0918591', '35.8538912'),
(1008, 'Феодосия', '45.0318780', '35.3824772'),
(1009, 'Фокино', '53.4554552', '34.4158537'),
(1010, 'Фокино', '42.9707163', '99.9999999'),
(1011, 'Фролово', '49.7647809', '43.6648936'),
(1012, 'Фрязино', '55.9590154', '38.0409171'),
(1013, 'Фурманов', '57.2538043', '41.1053808'),
(1014, 'Хабаровск', '48.4647991', '99.9999999'),
(1015, 'Хадыженск', '44.4123030', '39.5319151'),
(1016, 'Ханты-Мансийск', '61.0024344', '69.0183322'),
(1017, 'Харабали', '47.4089187', '47.2524467'),
(1018, 'Харовск', '59.9477728', '40.2000794'),
(1019, 'Хасавюрт', '43.2505191', '46.5852276'),
(1020, 'Хвалынск', '52.4950057', '48.1045147'),
(1021, 'Хилок', '51.3635236', '99.9999999'),
(1022, 'Химки', '55.8886705', '37.4304154'),
(1023, 'Холм', '57.1451036', '31.1787812'),
(1024, 'Холмск', '47.0408637', '99.9999999'),
(1025, 'Хотьково', '56.2515725', '37.9395225'),
(1026, 'Цивильск', '55.8650132', '47.4729670'),
(1027, 'Цимлянск', '47.6477668', '42.0930220'),
(1028, 'Циолковский', '51.7624346', '99.9999999'),
(1029, 'Чадан', '51.2844482', '91.5789135'),
(1030, 'Чайковский', '56.7780203', '54.1478482'),
(1031, 'Чапаевск', '52.9289662', '49.8674222'),
(1032, 'Чаплыгин', '53.2404794', '39.9671563'),
(1033, 'Чебаркуль', '54.9819329', '60.3773305'),
(1034, 'Чебоксары', '56.1439378', '47.2488718'),
(1035, 'Чегем', '43.5672039', '43.5865338'),
(1036, 'Чекалин', '54.0985105', '36.2474377'),
(1037, 'Челябинск', '55.1603659', '61.4007858'),
(1038, 'Чердынь', '60.4011184', '56.4801391'),
(1039, 'Черемхово', '53.1369385', '99.9999999'),
(1040, 'Черепаново', '54.2206974', '83.3724392'),
(1041, 'Череповец', '59.1269214', '37.9092243'),
(1042, 'Черкесск', '44.2268637', '42.0467829'),
(1043, 'Чермоз', '58.7842527', '56.1507562'),
(1044, 'Черноголовка', '56.0100909', '38.3792328'),
(1045, 'Черногорск', '53.8258425', '91.3259669'),
(1046, 'Чернушка', '56.5161079', '56.0763919'),
(1047, 'Черняховск', '54.6243928', '21.7969179'),
(1048, 'Чехов', '55.1507175', '37.4532591'),
(1049, 'Чистополь', '55.3699372', '50.6284950'),
(1050, 'Чита', '52.0340128', '99.9999999'),
(1051, 'Чкаловск', '56.7651549', '43.2420193'),
(1052, 'Чудово', '59.1247477', '31.6865406'),
(1053, 'Чулым', '55.0906205', '80.9592152'),
(1054, 'Чусовой', '58.2974725', '57.8193122'),
(1055, 'Чухлома', '58.7534246', '42.6883783'),
(1056, 'Шагонар', '51.5347357', '92.9199618'),
(1057, 'Шадринск', '56.0870152', '63.6298234'),
(1058, 'Шали', '43.1487760', '45.9009577'),
(1059, 'Шарыпово', '55.5389684', '89.1801557'),
(1060, 'Шарья', '58.3761832', '45.4060762'),
(1061, 'Шатура', '55.5777942', '39.5443781'),
(1062, 'Шахты', '47.7084247', '40.2159154'),
(1063, 'Шахунья', '57.6764773', '46.6129673'),
(1064, 'Шацк', '54.0288845', '41.7182108'),
(1065, 'Шебекино', '50.4005506', '36.8877988'),
(1066, 'Шелехов', '52.2102462', '99.9999999'),
(1067, 'Шенкурск', '62.1057423', '42.8995900'),
(1068, 'Шилка', '51.8495302', '99.9999999'),
(1069, 'Шимановск', '52.0052856', '99.9999999'),
(1070, 'Шиханы', '52.1148241', '47.2022928'),
(1071, 'Шлиссельбург', '59.9443923', '31.0334136'),
(1072, 'Шумерля', '55.4961795', '46.4183534'),
(1073, 'Шумиха', '55.2281833', '63.2902391'),
(1074, 'Шуя', '56.8560743', '41.3802455'),
(1075, 'Щекино', '54.0020749', '37.5176860'),
(1076, 'Щелкино', '45.4289847', '35.8251329'),
(1077, 'Щелково', '55.9234303', '37.9784419'),
(1078, 'Щигры', '51.8787808', '36.8910674'),
(1079, 'Щучье', '55.2088300', '62.7478475'),
(1080, 'Электрогорск', '55.8778573', '38.7805239'),
(1081, 'Электросталь', '55.7847718', '38.4446531'),
(1082, 'Электроугли', '55.7170329', '38.2194049'),
(1083, 'Элиста', '46.3082947', '44.2701417'),
(1084, 'Энгельс', '51.4854893', '46.1267479'),
(1085, 'Эртиль', '51.8310240', '40.8074054'),
(1086, 'Югорск', '61.3124504', '63.3364787'),
(1087, 'Южа', '56.5926458', '42.0457159'),
(1088, 'Южно-Сахалинск', '46.9591330', '99.9999999'),
(1089, 'Южно-Сухокумск', '44.6600972', '45.6499304'),
(1090, 'Южноуральск', '54.4490124', '61.2581869'),
(1091, 'Юрга', '55.7202689', '84.8885516'),
(1092, 'Юрьевец', '57.3178701', '43.1110553'),
(1093, 'Юрьев-Польский', '56.4938067', '39.6679311'),
(1094, 'Юрюзань', '54.8546372', '58.4227116'),
(1095, 'Юхнов', '54.7445873', '35.2424857'),
(1096, 'Ядрин', '55.9406826', '46.2020765'),
(1097, 'Якутск', '62.0280273', '99.9999999'),
(1098, 'Ялта', '44.4163660', '34.0445500'),
(1099, 'Ялта', '44.4951948', '34.1663860'),
(1100, 'Ялуторовск', '56.6491670', '66.2970340'),
(1101, 'Янаул', '56.2650336', '54.9298314'),
(1102, 'Яранск', '57.3041950', '47.8479185'),
(1103, 'Яровое', '52.9251728', '78.5729898'),
(1104, 'Ярославль', '57.6216145', '39.8978780'),
(1105, 'Ярцево', '55.0564933', '32.6902457');
INSERT INTO `town` (`id`, `city`, `latitude`, `longitude`) VALUES
(1106, 'Ясногорск', '54.4795178', '37.6896690'),
(1107, 'Ясный', '51.0369499', '59.8743256'),
(1108, 'Яхрома', '56.2889858', '37.4831016'),
(1109, 'Абаза', '52.6517296', '90.0885929'),
(1110, 'Абакан', '53.7223661', '91.4437792'),
(1111, 'Абдулино', '53.6778096', '53.6473115'),
(1112, 'Абинск', '44.8679931', '38.1618437'),
(1113, 'Агидель', '55.8997600', '53.9221149'),
(1114, 'Агрыз', '56.5232645', '52.9942570'),
(1115, 'Адыгейск', '44.8783715', '39.1901720'),
(1116, 'Азнакаево', '54.8599054', '53.0745505'),
(1117, 'Азов', '47.1120631', '39.4232597'),
(1118, 'Ак-Довурак', '51.1785658', '90.5984511'),
(1119, 'Аксай', '47.2676075', '39.8755485'),
(1120, 'Алагир', '43.0416151', '44.2198622'),
(1121, 'Алапаевск', '57.8475542', '61.6693934'),
(1122, 'Алатырь', '54.8398179', '46.5721423'),
(1123, 'Алдан', '58.6094885', '99.9999999'),
(1124, 'Алейск', '52.4920914', '82.7794145'),
(1125, 'Александров', '56.3919652', '38.7110350'),
(1126, 'Александровск', '59.1613773', '57.5764851'),
(1127, 'Александровск-Сахалинский', '50.8973664', '99.9999999'),
(1128, 'Алексеевка', '50.6299932', '38.6881776'),
(1129, 'Алексин', '54.5083788', '37.0478910'),
(1130, 'Алзамай', '55.5550493', '98.6644106'),
(1131, 'Алушта', '44.6764419', '34.4100387'),
(1132, 'Альметьевск', '54.9013662', '52.2970654'),
(1133, 'Амурск', '50.2345017', '99.9999999'),
(1134, 'Анадырь', '64.7314347', '99.9999999'),
(1135, 'Анапа', '44.8950777', '37.3163142'),
(1136, 'Ангарск', '52.5448102', '99.9999999'),
(1137, 'Андреаполь', '56.6507072', '32.2621196'),
(1138, 'Анжеро-Судженск', '56.0787179', '86.0202207'),
(1139, 'Анива', '46.7132526', '99.9999999'),
(1140, 'Апатиты', '67.5678295', '33.4067218'),
(1141, 'Апрелевка', '55.5276336', '37.0651105'),
(1142, 'Апшеронск', '44.4585239', '39.7300092'),
(1143, 'Арамиль', '56.6945341', '60.8343825'),
(1144, 'Аргун', '43.2918071', '45.8724383'),
(1145, 'Ардатов', '54.8465693', '46.2412736'),
(1146, 'Ардон', '43.1756719', '44.2955701'),
(1147, 'Арзамас', '55.3947544', '43.8407855'),
(1148, 'Аркадак', '51.9387813', '43.4997558'),
(1149, 'Армавир', '45.0010338', '41.1323920'),
(1150, 'Армянск', '46.1059247', '33.6910325'),
(1151, 'Арсеньев', '44.1620800', '99.9999999'),
(1152, 'Арск', '56.0913636', '49.8770441'),
(1153, 'Артем', '43.3500530', '99.9999999'),
(1154, 'Артемовск', '54.3472901', '93.4356543'),
(1155, 'Артемовский', '57.3384162', '61.8946599'),
(1156, 'Архангельск', '64.5392985', '40.5170083'),
(1157, 'Асбест', '57.0052428', '61.4581071'),
(1158, 'Асино', '56.9908444', '86.1765724'),
(1159, 'Астрахань', '46.3655808', '48.0559979'),
(1160, 'Аткарск', '51.8736331', '45.0003199'),
(1161, 'Ахтубинск', '48.2753078', '46.1906741'),
(1162, 'Ачинск', '56.2538662', '90.4794900'),
(1163, 'Аша', '54.9907105', '57.2783704'),
(1164, 'Бабаево', '59.3893090', '35.9378318'),
(1165, 'Бабушкин', '51.7113066', '99.9999999'),
(1166, 'Бавлы', '54.4063588', '53.2457946'),
(1167, 'Багратионовск', '54.3866976', '20.6418545'),
(1168, 'Байкальск', '51.5231282', '99.9999999'),
(1169, 'Баймак', '52.5912632', '58.3111995'),
(1170, 'Бакал', '54.9406759', '58.8051085'),
(1171, 'Баксан', '43.6820621', '43.5345627'),
(1172, 'Балабаново', '55.1773652', '36.6567255'),
(1173, 'Балаково', '52.0222694', '47.7828146'),
(1174, 'Балахна', '56.4949932', '43.5758953'),
(1175, 'Балашиха', '55.7963352', '37.9381413'),
(1176, 'Балашов', '51.5389502', '43.1839828'),
(1177, 'Балей', '51.5822063', '99.9999999'),
(1178, 'Балтийск', '54.6514128', '19.9141911'),
(1179, 'Барабинск', '55.3515917', '78.3465012'),
(1180, 'Барнаул', '53.3481145', '83.7798362'),
(1181, 'Барыш', '53.6534563', '47.1180805'),
(1182, 'Батайск', '47.1383210', '39.7508382'),
(1183, 'Бахчисарай', '44.7513880', '33.8750341'),
(1184, 'Бежецк', '57.7861144', '36.6903445'),
(1185, 'Белая Калитва', '48.1769480', '40.8033169'),
(1186, 'Белая Холуница', '58.8415212', '50.8461002'),
(1187, 'Белгород', '50.5977351', '36.5858236'),
(1188, 'Белебей', '54.1033832', '54.1111878'),
(1189, 'Белев', '53.8113348', '36.1383153'),
(1190, 'Белинский', '52.9641169', '43.4185003'),
(1191, 'Белово', '54.4221442', '86.3036438'),
(1192, 'Белогорск', '50.9212235', '99.9999999'),
(1193, 'Белогорск', '45.0571581', '34.5998775'),
(1194, 'Белозерск', '60.0307914', '37.7891123'),
(1195, 'Белокуриха', '51.9960534', '84.9840343'),
(1196, 'Беломорск', '64.5378468', '34.7799717'),
(1197, 'Белорецк', '53.9675927', '58.4099562'),
(1198, 'Белореченск', '44.7652733', '39.8780457'),
(1199, 'Белоусово', '55.0957679', '36.6777239'),
(1200, 'Белоярский', '63.7121810', '66.6772357'),
(1201, 'Белый', '55.8337663', '32.9388976'),
(1202, 'Бердск', '54.7582375', '83.1072212'),
(1203, 'Березники', '59.4079898', '56.8040725'),
(1204, 'Березовский', '55.6692853', '86.2744636'),
(1205, 'Березовский', '56.9096284', '60.8180256'),
(1206, 'Беслан', '43.1937634', '44.5338746'),
(1207, 'Бийск', '52.5393683', '85.2138852'),
(1208, 'Бикин', '46.8186244', '99.9999999'),
(1209, 'Билибино', '68.0585533', '99.9999999'),
(1210, 'Биробиджан', '48.7945975', '99.9999999'),
(1211, 'Бирск', '55.4157107', '55.5582335'),
(1212, 'Бирюсинск', '55.9608611', '97.8203624'),
(1213, 'Бирюч', '50.6483899', '38.4006203'),
(1214, 'Благовещенск', '50.2905935', '99.9999999'),
(1215, 'Благовещенск', '55.0499592', '55.9553090'),
(1216, 'Благодарный', '45.0990834', '43.4307042'),
(1217, 'Бобров', '51.0902048', '40.0320014'),
(1218, 'Богданович', '56.7764419', '62.0463692'),
(1219, 'Богородицк', '53.7700516', '38.1225308'),
(1220, 'Богородск', '56.1019905', '43.5136780'),
(1221, 'Боготол', '56.2098810', '89.5300182'),
(1222, 'Богучар', '49.9352997', '40.5592467'),
(1223, 'Бодайбо', '57.8468822', '99.9999999'),
(1224, 'Бокситогорск', '59.4735032', '33.8456521'),
(1225, 'Болгар', '54.9748862', '49.0302977'),
(1226, 'Бологое', '57.8856550', '34.0536895'),
(1227, 'Болотное', '55.6693773', '84.3906599'),
(1228, 'Болохово', '54.0820644', '37.8268440'),
(1229, 'Болхов', '53.4440204', '36.0076969'),
(1230, 'Большой Камень', '43.1112737', '99.9999999'),
(1231, 'Бор', '56.3565179', '44.0644851'),
(1232, 'Борзя', '50.3875437', '99.9999999'),
(1233, 'Борисоглебск', '51.3654619', '42.1009470'),
(1234, 'Боровичи', '58.3839866', '33.9176761'),
(1235, 'Боровск', '55.2130965', '36.4927446'),
(1236, 'Бородино', '55.9054308', '94.9021138'),
(1237, 'Братск', '56.1513951', '99.9999999'),
(1238, 'Бронницы', '55.4255534', '38.2640794'),
(1239, 'Брянск', '53.2420071', '34.3652716'),
(1240, 'Бугульма', '54.5363428', '52.7895286'),
(1241, 'Бугуруслан', '53.6522636', '52.4326166'),
(1242, 'Буденновск', '44.7814437', '44.1650859'),
(1243, 'Бузулук', '52.7881434', '52.2623757'),
(1244, 'Буинск', '54.9641106', '48.2900576'),
(1245, 'Буй', '58.4734450', '41.5306746'),
(1246, 'Буйнакск', '42.8213799', '47.1164452'),
(1247, 'Бутурлиновка', '50.8313227', '40.5977541'),
(1248, 'Валдай', '57.9822906', '33.2369492'),
(1249, 'Валуйки', '50.2112799', '38.0998765'),
(1250, 'Велиж', '55.6058845', '31.1857376'),
(1251, 'Великие Луки', '56.3321847', '30.5507570'),
(1252, 'Великий Новгород', '58.5214003', '31.2755051'),
(1253, 'Великий Устюг', '60.7603243', '46.3053893'),
(1254, 'Вельск', '61.0660057', '42.1032858'),
(1255, 'Венев', '54.3542431', '38.2642325'),
(1256, 'Верещагино', '58.0797908', '54.6580948'),
(1257, 'Верея', '55.3674668', '36.1563083'),
(1258, 'Верхнеуральск', '53.8760587', '59.2169071'),
(1259, 'Верхний Тагил', '57.3762768', '59.9516521'),
(1260, 'Верхний Уфалей', '56.0487252', '60.2319630'),
(1261, 'Верхняя Пышма', '56.9757833', '60.5648850'),
(1262, 'Верхняя Салда', '58.0466039', '60.5560397'),
(1263, 'Верхняя Тура', '58.3643839', '59.8266854'),
(1264, 'Верхотурье', '58.8621145', '60.8104543'),
(1265, 'Верхоянск', '67.5500865', '99.9999999'),
(1266, 'Весьегонск', '58.6584004', '37.2568605'),
(1267, 'Ветлуга', '57.8558395', '45.7762692'),
(1268, 'Видное', '55.5518323', '37.7062062'),
(1269, 'Вилюйск', '63.7517314', '99.9999999'),
(1270, 'Вилючинск', '52.9304280', '99.9999999'),
(1271, 'Вихоревка', '56.1207708', '99.9999999'),
(1272, 'Вичуга', '57.2044545', '41.9131192'),
(1273, 'Владивосток', '43.1163807', '99.9999999'),
(1274, 'Владикавказ', '43.0205039', '44.6819383'),
(1275, 'Владимир', '56.1281561', '40.4082995'),
(1276, 'Волгоград', '48.7072005', '44.5170207'),
(1277, 'Волгодонск', '47.5165181', '42.1984531'),
(1278, 'Волгореченск', '57.4423712', '41.1593076'),
(1279, 'Волжск', '55.8622987', '48.3715530'),
(1280, 'Волжский', '48.7978483', '44.7462417'),
(1281, 'Вологда', '59.2484186', '39.8356461'),
(1282, 'Володарск', '56.2168974', '43.1597623'),
(1283, 'Волоколамск', '56.0358121', '35.9585027'),
(1284, 'Волосово', '59.4445107', '29.4922770'),
(1285, 'Волхов', '59.9006057', '32.3521200'),
(1286, 'Волчанск', '59.9350515', '60.0797964'),
(1287, 'Вольск', '52.0459932', '47.3873504'),
(1288, 'Воркута', '67.4973484', '64.0611045'),
(1289, 'Воронеж', '51.6592378', '39.1968284'),
(1290, 'Ворсма', '55.9900425', '43.2719879'),
(1291, 'Воскресенск', '55.3071305', '38.7026949'),
(1292, 'Воткинск', '57.0517641', '53.9874635'),
(1293, 'Всеволожск', '60.0190094', '30.6455834'),
(1294, 'Вуктыл', '63.8615209', '57.3165207'),
(1295, 'Выборг', '60.7130748', '28.7328813'),
(1296, 'Выкса', '55.3207103', '42.1679169'),
(1297, 'Высоковск', '56.3361410', '36.5251316'),
(1298, 'Высоцк', '60.6296511', '28.5709914'),
(1299, 'Вытегра', '61.0064157', '36.4495835'),
(1300, 'Вышний Волочек', '57.5683326', '34.5402931'),
(1301, 'Вяземский', '47.5354416', '99.9999999'),
(1302, 'Вязники', '56.2976528', '42.2687311'),
(1303, 'Вязьма', '55.2115563', '34.2951196'),
(1304, 'Вятские Поляны', '56.2286058', '51.0614666'),
(1305, 'Гаврилов Посад', '56.5585967', '40.1228288'),
(1306, 'Гаврилов-Ям', '57.3091552', '39.8545157'),
(1307, 'Гагарин', '55.5526532', '34.9949049'),
(1308, 'Гаджиево', '69.2490009', '33.3152445'),
(1309, 'Гай', '51.4649138', '58.4436189'),
(1310, 'Галич', '58.3826861', '42.3654563'),
(1311, 'Гатчина', '59.5650861', '30.1281859'),
(1312, 'Гвардейск', '54.6588981', '21.0500584'),
(1313, 'Гдов', '58.7432585', '27.8263328'),
(1314, 'Геленджик', '44.5631053', '38.0790184'),
(1315, 'Георгиевск', '44.1486421', '43.4739718'),
(1316, 'Глазов', '58.1359111', '52.6634998'),
(1317, 'Голицыно', '55.6189762', '36.9855559'),
(1318, 'Горбатов', '56.1307901', '43.0626829'),
(1319, 'Горно-Алтайск', '51.9582681', '85.9602957'),
(1320, 'Горнозаводск', '58.3743406', '58.3230329'),
(1321, 'Горняк', '50.9979032', '81.4643059'),
(1322, 'Городец', '56.6447459', '43.4722975'),
(1323, 'Городище', '53.2727888', '45.7027310'),
(1324, 'Городовиковск', '46.0875351', '41.9354039'),
(1325, 'Гороховец', '56.2021059', '42.6925170'),
(1326, 'Горячий Ключ', '44.6343251', '39.1356421'),
(1327, 'Грайворон', '50.4862699', '35.6662957'),
(1328, 'Гремячинск', '58.5625603', '57.8520073'),
(1329, 'Грозный', '43.3179243', '45.6981102'),
(1330, 'Грязи', '52.4873931', '39.9331785'),
(1331, 'Грязовец', '58.8757657', '40.2484770'),
(1332, 'Губаха', '58.8370240', '57.5544441'),
(1333, 'Губкин', '51.2836362', '37.5347608'),
(1334, 'Губкинский', '64.4456575', '76.4714559'),
(1335, 'Гудермес', '43.3519164', '46.1036052'),
(1336, 'Гуково', '48.0449422', '39.9484635'),
(1337, 'Гулькевичи', '45.3605769', '40.6918484'),
(1338, 'Гурьевск', '54.7705368', '20.6039109'),
(1339, 'Гурьевск', '54.2860005', '85.9477230'),
(1340, 'Гусев', '54.5915477', '22.1944114'),
(1341, 'Гусиноозерск', '51.2865751', '99.9999999'),
(1342, 'Гусь-Хрустальный', '55.6198065', '40.6578769'),
(1343, 'Давлеканово', '54.2227617', '55.0313419'),
(1344, 'Дагестанские Огни', '42.1151021', '48.1939983'),
(1345, 'Далматово', '56.2621393', '62.9387378'),
(1346, 'Дальнегорск', '44.5539909', '99.9999999'),
(1347, 'Дальнереченск', '45.9307882', '99.9999999'),
(1348, 'Данилов', '58.1859542', '40.1796765'),
(1349, 'Данков', '53.2576900', '39.1457625'),
(1350, 'Дегтярск', '56.7048199', '60.0792227'),
(1351, 'Дедовск', '55.8704718', '37.1244724'),
(1352, 'Демидов', '55.2682611', '31.5062078'),
(1353, 'Дербент', '42.0589350', '48.2908653'),
(1354, 'Десногорск', '54.1465117', '33.2834063'),
(1355, 'Джанкой', '45.7092436', '34.3883320'),
(1356, 'Дзержинск', '56.2376438', '43.4599363'),
(1357, 'Дзержинский', '55.6241079', '37.8440691'),
(1358, 'Дивногорск', '55.9577868', '92.3800850'),
(1359, 'Дигора', '43.1567386', '44.1551132'),
(1360, 'Димитровград', '54.2168446', '49.6261645'),
(1361, 'Дмитриев', '52.1269291', '35.0739504'),
(1362, 'Дмитров', '56.3477176', '37.5267184'),
(1363, 'Дмитровск', '52.5053481', '35.1415350'),
(1364, 'Дно', '57.8269802', '29.9629569'),
(1365, 'Добрянка', '58.4696353', '56.4131294'),
(1366, 'Долгопрудный', '55.9384901', '37.5100527'),
(1367, 'Долинск', '47.3255903', '99.9999999'),
(1368, 'Домодедово', '55.4363901', '37.7666263'),
(1369, 'Донецк', '48.3350928', '39.9460654'),
(1370, 'Донской', '53.9679582', '38.3372104'),
(1371, 'Дорогобуж', '54.9137794', '33.3024596'),
(1372, 'Дрезна', '55.7442991', '38.8499228'),
(1373, 'Дубна', '56.7417949', '37.1757163'),
(1374, 'Дубовка', '49.0555342', '44.8270813'),
(1375, 'Дудинка', '69.4031339', '86.1908135'),
(1376, 'Духовщина', '55.1950509', '32.4012351'),
(1377, 'Дюртюли', '55.4848047', '54.8524875'),
(1378, 'Дятьково', '53.5958283', '34.3550920'),
(1379, 'Евпатория', '45.1904322', '33.3667685'),
(1380, 'Егорьевск', '55.3831326', '39.0358236'),
(1381, 'Ейск', '46.7114611', '38.2764915'),
(1382, 'Екатеринбург', '56.8386326', '60.6054887'),
(1383, 'Елабуга', '55.7566727', '52.0544438'),
(1384, 'Елец', '52.6151738', '38.5289121'),
(1385, 'Елизово', '53.1829573', '99.9999999'),
(1386, 'Ельня', '54.5836832', '33.1749566'),
(1387, 'Еманжелинск', '54.7554084', '61.3243985'),
(1388, 'Емва', '62.5965314', '50.8731889'),
(1389, 'Енисейск', '58.4485234', '92.1652370'),
(1390, 'Ермолино', '55.1972714', '36.5951966'),
(1391, 'Ершов', '51.3508407', '48.2763313'),
(1392, 'Ессентуки', '44.0444610', '42.8589078'),
(1393, 'Ефремов', '53.1465725', '38.0922412'),
(1394, 'Железноводск', '44.1320689', '43.0306475'),
(1395, 'Железногорск', '56.2529346', '93.5321670'),
(1396, 'Железногорск', '52.3378753', '35.3516834'),
(1397, 'Железногорск-Илимский', '56.5847382', '99.9999999'),
(1398, 'Жердевка', '51.8421783', '41.4617407'),
(1399, 'Жигулевск', '53.4011545', '49.4945290'),
(1400, 'Жиздра', '53.7522384', '34.7386719'),
(1401, 'Жирновск', '50.9767561', '44.7857694'),
(1402, 'Жуков', '55.0301386', '36.7393279'),
(1403, 'Жуковка', '53.5341219', '33.7302166'),
(1404, 'Жуковский', '55.5998408', '38.1224185'),
(1405, 'Завитинск', '50.1064678', '99.9999999'),
(1406, 'Заводоуковск', '56.5012193', '66.5505094'),
(1407, 'Заволжск', '57.4916546', '42.1374455'),
(1408, 'Заволжье', '56.6404237', '43.3871565'),
(1409, 'Задонск', '52.4004611', '38.9205772'),
(1410, 'Заинск', '55.2988854', '52.0063634'),
(1411, 'Закаменск', '50.3726774', '99.9999999'),
(1412, 'Заозерный', '55.9617268', '94.7091037'),
(1413, 'Заозерск', '69.4003895', '32.4502225'),
(1414, 'Западная Двина', '56.2568002', '32.0805972'),
(1415, 'Заполярный', '69.4132320', '30.7985332'),
(1416, 'Зарайск', '54.7625993', '38.8851485'),
(1417, 'Заречный', '53.1961009', '45.1691502'),
(1418, 'Заречный', '56.8103345', '61.3380592'),
(1419, 'Заринск', '53.7063495', '84.9314703'),
(1420, 'Звенигово', '55.9739374', '48.0170276'),
(1421, 'Звенигород', '55.7296168', '36.8552843'),
(1422, 'Зверево', '48.0434510', '40.1264948'),
(1423, 'Зеленогорск', '56.1133001', '94.5888736'),
(1424, 'Зеленоградск', '54.9600226', '20.4753274'),
(1425, 'Зеленодольск', '55.8466751', '48.5010882'),
(1426, 'Зеленокумск', '44.4033590', '43.8841326'),
(1427, 'Зерноград', '46.8494991', '40.3127650'),
(1428, 'Зея', '53.7339151', '99.9999999'),
(1429, 'Зима', '53.9206865', '99.9999999'),
(1430, 'Златоуст', '55.1715695', '59.6726264'),
(1431, 'Злынка', '52.4265906', '31.7360386'),
(1432, 'Змеиногорск', '51.1580235', '82.1872476'),
(1433, 'Знаменск', '48.5865618', '45.7367908'),
(1434, 'Зубцов', '56.1760709', '34.5825504'),
(1435, 'Зуевка', '58.4031674', '51.1330787'),
(1436, 'Ивангород', '59.3765845', '28.2230504'),
(1437, 'Иваново', '56.9994677', '40.9728231'),
(1438, 'Ивантеевка', '55.9742303', '37.9208755'),
(1439, 'Ивдель', '60.6944353', '60.4244661'),
(1440, 'Игарка', '67.4667947', '86.5814287'),
(1441, 'Ижевск', '56.8527444', '53.2113961'),
(1442, 'Избербаш', '42.5650980', '47.8710020'),
(1443, 'Изобильный', '45.3684342', '41.7086448'),
(1444, 'Иланский', '56.2374163', '96.0672656'),
(1445, 'Инза', '53.8550467', '46.3532786'),
(1446, 'Инкерман', '44.6135153', '33.6100739'),
(1447, 'Иннополис', '55.7521544', '48.7446161'),
(1448, 'Инсар', '53.8770384', '44.3696866'),
(1449, 'Инта', '66.0368196', '60.1154612'),
(1450, 'Ипатово', '45.7181897', '42.8969695'),
(1451, 'Ирбит', '57.6838406', '63.0576639'),
(1452, 'Иркутск', '52.2863513', '99.9999999'),
(1453, 'Исилькуль', '54.9096156', '71.2816107'),
(1454, 'Искитим', '54.6266869', '83.2951444'),
(1455, 'Истра', '55.9061087', '36.8600854'),
(1456, 'Ишим', '56.0952037', '69.4643292'),
(1457, 'Ишимбай', '53.4546314', '56.0438740'),
(1458, 'Йошкар-Ола', '56.6343763', '47.8998445'),
(1459, 'Кадников', '59.5037947', '40.3440473'),
(1460, 'Казань', '55.7943877', '49.1115312'),
(1461, 'Калач', '50.4241213', '41.0162858'),
(1462, 'Калачинск', '55.0598547', '74.5655075'),
(1463, 'Калач-на-Дону', '48.6887569', '43.5306866'),
(1464, 'Калининград', '54.7073218', '20.5072458'),
(1465, 'Калининск', '51.4992917', '44.4710177'),
(1466, 'Калтан', '53.5210461', '87.2772143'),
(1467, 'Калуга', '54.5060439', '36.2515933'),
(1468, 'Калязин', '57.2579471', '37.7821253'),
(1469, 'Камбарка', '56.2659745', '54.1934153'),
(1470, 'Каменка', '53.1855474', '44.0468501'),
(1471, 'Каменногорск', '60.9508768', '29.1308061'),
(1472, 'Каменск-Уральский', '56.4149095', '61.9189837'),
(1473, 'Каменск-Шахтинский', '48.3204412', '40.2688740'),
(1474, 'Камень-на-Оби', '53.7915454', '81.3545173'),
(1475, 'Камешково', '56.3488712', '40.9955682'),
(1476, 'Камызяк', '46.1105429', '48.0732724'),
(1477, 'Камышин', '50.0651261', '45.3843816'),
(1478, 'Камышлов', '56.8465469', '62.7120432'),
(1479, 'Канаш', '55.5069543', '47.4917734'),
(1480, 'Кандалакша', '67.1567298', '32.4142303'),
(1481, 'Канск', '56.2049776', '95.7051246'),
(1482, 'Карабаново', '56.3133447', '38.7034267'),
(1483, 'Карабаш', '55.4852076', '60.2358959'),
(1484, 'Карабулак', '43.3054762', '44.9094521'),
(1485, 'Карасук', '53.7343772', '78.0424570'),
(1486, 'Карачаевск', '43.7731970', '41.9143726'),
(1487, 'Карачев', '53.1297194', '34.9887859'),
(1488, 'Каргат', '55.1943829', '80.2831324'),
(1489, 'Каргополь', '61.5008762', '38.9636415'),
(1490, 'Карпинск', '59.7664444', '60.0011798'),
(1491, 'Карталы', '53.0536101', '60.6477120'),
(1492, 'Касимов', '54.9373788', '41.3912912'),
(1493, 'Касли', '55.8868045', '60.7422529'),
(1494, 'Каспийск', '42.8916599', '47.6366674'),
(1495, 'Катав-Ивановск', '54.7520187', '58.1983706'),
(1496, 'Катайск', '56.2908118', '62.5800669'),
(1497, 'Качканар', '58.7051759', '59.4840198'),
(1498, 'Кашин', '57.3600486', '37.6118674'),
(1499, 'Кашира', '54.8534263', '38.1903818'),
(1500, 'Кедровый', '57.5618465', '79.5678914'),
(1501, 'Кемерово', '55.3909721', '86.0467864'),
(1502, 'Кемь', '64.9543657', '34.5948547'),
(1503, 'Керчь', '45.3561128', '36.4674285'),
(1504, 'Кизел', '59.0511764', '57.6471214'),
(1505, 'Кизилюрт', '43.2039094', '46.8729311'),
(1506, 'Кизляр', '43.8483915', '46.7232828'),
(1507, 'Кимовск', '53.9698378', '38.5380267'),
(1508, 'Кимры', '56.8733590', '37.3557064'),
(1509, 'Кингисепп', '59.3739407', '28.6112981'),
(1510, 'Кинель', '53.2209985', '50.6343039'),
(1511, 'Кинешма', '57.4425441', '42.1690039'),
(1512, 'Киреевск', '53.9321173', '37.9220791'),
(1513, 'Киренск', '57.7757126', '99.9999999'),
(1514, 'Киржач', '56.1485263', '38.8635035'),
(1515, 'Кириллов', '59.8590353', '38.3749854'),
(1516, 'Кириши', '59.4742626', '32.0625536'),
(1517, 'Киров', '54.0790823', '34.3077508'),
(1518, 'Киров', '58.6035313', '49.6679219'),
(1519, 'Кировград', '57.4298451', '60.0623588'),
(1520, 'Кирово-Чепецк', '58.5559921', '50.0317608'),
(1521, 'Кировск', '59.8753710', '30.9815205'),
(1522, 'Кировск', '67.6150979', '33.6637196'),
(1523, 'Кирс', '59.3400586', '52.2415895'),
(1524, 'Кирсанов', '52.6505940', '42.7284872'),
(1525, 'Киселевск', '54.0060382', '86.6367387'),
(1526, 'Кисловодск', '43.9052350', '42.7167187'),
(1527, 'Клин', '56.3424886', '36.7240912'),
(1528, 'Клинцы', '52.7529052', '32.2339161'),
(1529, 'Княгинино', '55.8205157', '45.0322947'),
(1530, 'Ковдор', '67.5661466', '30.4742082'),
(1531, 'Ковров', '56.3553895', '41.3169568'),
(1532, 'Ковылкино', '54.0391464', '43.9191229'),
(1533, 'Когалым', '62.2638914', '74.4828687'),
(1534, 'Кодинск', '58.6033961', '99.1797563'),
(1535, 'Козельск', '54.0348417', '35.7807136'),
(1536, 'Козловка', '55.8406526', '48.2579372'),
(1537, 'Козьмодемьянск', '56.3333460', '46.5466282'),
(1538, 'Кола', '68.8785079', '33.0262014'),
(1539, 'Кологрив', '58.8269880', '44.3185323'),
(1540, 'Коломна', '55.1027797', '38.7531734'),
(1541, 'Колпашево', '58.3114716', '82.9027528'),
(1542, 'Кольчугино', '56.3327616', '39.3912010'),
(1543, 'Коммунар', '59.6215929', '30.3934660'),
(1544, 'Комсомольск', '57.0273907', '40.3775952'),
(1545, 'Комсомольск-на-Амуре', '50.5500110', '99.9999999'),
(1546, 'Конаково', '56.7275533', '36.8011699'),
(1547, 'Кондопога', '62.2059866', '34.2681778'),
(1548, 'Кондрово', '54.7960510', '35.9276099'),
(1549, 'Константиновск', '47.5773456', '41.0967362'),
(1550, 'Копейск', '55.1167545', '61.6180809'),
(1551, 'Кораблино', '53.9245422', '40.0227867'),
(1552, 'Кореновск', '45.4640868', '39.4590178'),
(1553, 'Коркино', '54.8903023', '61.4034541'),
(1554, 'Королев', '55.9162558', '37.8545224'),
(1555, 'Короча', '50.8130123', '37.1896543'),
(1556, 'Корсаков', '46.6323995', '99.9999999'),
(1557, 'Коряжма', '61.2885993', '47.1002315'),
(1558, 'Костерево', '55.9336424', '39.6248220'),
(1559, 'Костомукша', '64.5889946', '30.6015567'),
(1560, 'Кострома', '57.8029445', '40.9907282'),
(1561, 'Котельники', '55.6598980', '37.8632865'),
(1562, 'Котельниково', '47.6310808', '43.1331198'),
(1563, 'Котельнич', '58.3035238', '48.3474288'),
(1564, 'Котлас', '61.2529842', '46.6331915'),
(1565, 'Котово', '50.3205433', '44.8031864'),
(1566, 'Котовск', '52.5923930', '41.5102486'),
(1567, 'Кохма', '56.9325151', '41.0933071'),
(1568, 'Красавино', '60.9613991', '46.4814650'),
(1569, 'Красноармейск', '51.0268595', '45.7011086'),
(1570, 'Красноармейск', '51.0236026', '45.6951410'),
(1571, 'Красновишерск', '60.3902242', '57.0537244'),
(1572, 'Красногорск', '55.8318475', '37.3294200'),
(1573, 'Краснодар', '45.0402350', '38.9760801'),
(1574, 'Краснозаводск', '56.4408723', '38.2320671'),
(1575, 'Краснознаменск', '54.9452612', '22.4928511'),
(1576, 'Краснознаменск', '55.5978962', '37.0395137'),
(1577, 'Краснокаменск', '50.0928580', '99.9999999'),
(1578, 'Краснокамск', '58.0820946', '55.7479797'),
(1579, 'Красноперекопск', '45.9537956', '33.7921523'),
(1580, 'Краснослободск', '48.7068777', '44.5631799'),
(1581, 'Краснослободск', '54.4248634', '43.7845096'),
(1582, 'Краснотурьинск', '59.7636934', '60.1934451'),
(1583, 'Красноуральск', '58.3486334', '60.0409011'),
(1584, 'Красноуфимск', '56.6122864', '57.7636958'),
(1585, 'Красноярск', '56.0094660', '92.8524162'),
(1586, 'Красный Кут', '50.9596867', '46.9712472'),
(1587, 'Красный Сулин', '47.8830826', '40.0781385'),
(1588, 'Красный Холм', '58.0570193', '37.1125975'),
(1589, 'Кременки', '54.8863306', '37.1168780'),
(1590, 'Кропоткин', '45.4332464', '40.5727852'),
(1591, 'Крымск', '44.9344108', '37.9855314'),
(1592, 'Кстово', '56.1433353', '44.1665081'),
(1593, 'Кубинка', '55.5755679', '36.6952487'),
(1594, 'Кувандык', '51.4784845', '57.3612029'),
(1595, 'Кувшиново', '57.0263733', '34.1676435'),
(1596, 'Кудымкар', '59.0168605', '54.6573459'),
(1597, 'Кузнецк', '53.1131686', '46.6052497'),
(1598, 'Куйбышев', '55.4684104', '78.3241042'),
(1599, 'Кулебаки', '55.4297160', '42.5124830'),
(1600, 'Кумертау', '52.7565537', '55.7969915'),
(1601, 'Кунгур', '57.4283217', '56.9437787'),
(1602, 'Купино', '54.3660317', '77.2972969'),
(1603, 'Курган', '55.4443448', '65.3161339'),
(1604, 'Курганинск', '44.8876442', '40.5913858'),
(1605, 'Курильск', '45.2271915', '99.9999999'),
(1606, 'Курлово', '55.4525994', '40.6124362'),
(1607, 'Куровское', '55.5791491', '38.9208543'),
(1608, 'Курск', '51.7303391', '36.1926448'),
(1609, 'Куртамыш', '54.9368491', '64.4203009'),
(1610, 'Курчатов', '51.6605475', '35.6571711'),
(1611, 'Куса', '55.3385156', '59.4386474'),
(1612, 'Кушва', '58.2825406', '59.7646113'),
(1613, 'Кызыл', '51.7191542', '94.4377234'),
(1614, 'Кыштым', '55.7060048', '60.5563271'),
(1615, 'Кяхта', '50.3466291', '99.9999999'),
(1616, 'Лабинск', '44.6353153', '40.7243850'),
(1617, 'Лабытнанги', '66.6592376', '66.3882628'),
(1618, 'Лагань', '45.3929617', '47.3432943'),
(1619, 'Ладушкин', '54.5693538', '20.1691909'),
(1620, 'Лаишево', '55.4042646', '49.5498201'),
(1621, 'Лакинск', '56.0180614', '39.9564706'),
(1622, 'Лангепас', '61.2536667', '75.1807905'),
(1623, 'Лахденпохья', '61.5189466', '30.1995920'),
(1624, 'Лебедянь', '53.0156678', '39.1434980'),
(1625, 'Лениногорск', '54.5966917', '52.4432118'),
(1626, 'Ленинск', '48.6936234', '45.1992835'),
(1627, 'Ленинск-Кузнецкий', '54.6674092', '86.1796724'),
(1628, 'Ленск', '60.7276036', '99.9999999'),
(1629, 'Лермонтов', '44.1052526', '42.9731433'),
(1630, 'Лесной', '58.6349810', '59.7980528'),
(1631, 'Лесозаводск', '45.4780192', '99.9999999'),
(1632, 'Лесосибирск', '58.2218201', '92.5036986'),
(1633, 'Ливны', '52.4285122', '37.6039440'),
(1634, 'Ликино-Дулево', '55.7078531', '38.9577103'),
(1635, 'Липецк', '52.6103027', '39.5946266'),
(1636, 'Липки', '53.9418109', '37.7019452'),
(1637, 'Лиски', '50.9944734', '39.5183020'),
(1638, 'Лихославль', '57.1222560', '35.4667886'),
(1639, 'Лобня', '56.0328745', '37.4614671'),
(1640, 'Лодейное Поле', '60.7320564', '33.5522225'),
(1641, 'Лосино-Петровский', '55.8714441', '38.2005377'),
(1642, 'Луга', '58.7373818', '29.8466657'),
(1643, 'Луза', '60.6290781', '47.2612069'),
(1644, 'Лукоянов', '55.0327349', '44.4933829'),
(1645, 'Луховицы', '54.9651617', '39.0261346'),
(1646, 'Лысково', '56.0262298', '45.0356702'),
(1647, 'Лысьва', '58.0995987', '57.8085728'),
(1648, 'Лыткарино', '55.5778065', '37.9034952'),
(1649, 'Льгов', '51.6596935', '35.2611592'),
(1650, 'Любань', '59.3492573', '31.2485276'),
(1651, 'Люберцы', '55.7004160', '37.9606496'),
(1652, 'Любим', '58.3619868', '40.6869581'),
(1653, 'Людиново', '53.8701406', '34.4385498'),
(1654, 'Лянтор', '61.6391639', '72.1793828'),
(1655, 'Магадан', '59.5681763', '99.9999999'),
(1656, 'Магас', '43.1686967', '44.8130849'),
(1657, 'Магнитогорск', '53.4071891', '58.9791432'),
(1658, 'Майкоп', '44.6098268', '40.1006527'),
(1659, 'Майский', '43.6281779', '44.0516663'),
(1660, 'Макаров', '48.6236287', '99.9999999'),
(1661, 'Макарьев', '57.8808916', '43.8014428'),
(1662, 'Макушино', '55.2154025', '67.2452558'),
(1663, 'Малая Вишера', '58.8458076', '32.2247984'),
(1664, 'Малгобек', '43.5097009', '44.5901517'),
(1665, 'Малмыж', '56.5243722', '50.6782757'),
(1666, 'Малоархангельск', '52.4001151', '36.5037931'),
(1667, 'Малоярославец', '55.0176756', '36.4632122'),
(1668, 'Мамадыш', '55.7149876', '51.4128614'),
(1669, 'Мамоново', '54.4645591', '19.9454114'),
(1670, 'Мантурово', '58.3264667', '44.7575036'),
(1671, 'Мариинск', '56.2127836', '87.7454392'),
(1672, 'Мариинский Посад', '56.1119680', '47.7142676'),
(1673, 'Маркс', '51.7133973', '46.7400684'),
(1674, 'Махачкала', '42.9848572', '47.5046303'),
(1675, 'Мглин', '53.0600644', '32.8467217'),
(1676, 'Мегион', '61.0318946', '76.1024772'),
(1677, 'Медвежьегорск', '62.9127678', '34.4567614'),
(1678, 'Медногорск', '51.4039421', '57.5832185'),
(1679, 'Медынь', '54.9690755', '35.8873130'),
(1680, 'Межгорье', '54.2396830', '57.9614600'),
(1681, 'Междуреченск', '53.6865695', '88.0703888'),
(1682, 'Мезень', '65.8398386', '44.2531865'),
(1683, 'Меленки', '55.3387017', '41.6341240'),
(1684, 'Мелеуз', '52.9590637', '55.9283483'),
(1685, 'Менделеевск', '55.8950646', '52.3144177'),
(1686, 'Мензелинск', '55.7270908', '53.1005321'),
(1687, 'Мещовск', '54.3191127', '35.2816065'),
(1688, 'Миасс', '55.0455774', '60.1077757'),
(1689, 'Микунь', '62.3580188', '50.0719738'),
(1690, 'Миллерово', '48.9258210', '40.3983302'),
(1691, 'Минеральные Воды', '44.2088942', '43.1383482'),
(1692, 'Минусинск', '53.7105509', '91.6871866'),
(1693, 'Миньяр', '55.0709601', '57.5484435'),
(1694, 'Мирный', '62.7644267', '40.3359976'),
(1695, 'Мирный', '62.5362511', '99.9999999'),
(1696, 'Михайлов', '54.2296493', '39.0090857'),
(1697, 'Михайловка', '50.0708749', '43.2400847'),
(1698, 'Михайловск', '56.4369736', '59.1138650'),
(1699, 'Михайловск', '45.1296297', '42.0287870'),
(1700, 'Мичуринск', '52.8912940', '40.5104750'),
(1701, 'Могоча', '53.7362465', '99.9999999'),
(1702, 'Можайск', '55.5069819', '36.0240724'),
(1703, 'Можга', '56.4427219', '52.2138882'),
(1704, 'Моздок', '43.7471209', '44.6571456'),
(1705, 'Мончегорск', '67.9385206', '32.9358886'),
(1706, 'Морозовск', '48.3511724', '41.8308006'),
(1707, 'Моршанск', '53.4436469', '41.8115687'),
(1708, 'Мосальск', '54.4825589', '34.9872060'),
(1709, 'Муравленко', '63.7941880', '74.4949130'),
(1710, 'Мураши', '59.3956347', '48.9637651'),
(1711, 'Мурманск', '69.0076958', '33.0686019'),
(1712, 'Муром', '55.5632276', '42.0230060'),
(1713, 'Мценск', '53.2790021', '36.5749920'),
(1714, 'Мыски', '53.7125516', '87.8056657'),
(1715, 'Мытищи', '55.9104647', '37.7363702'),
(1716, 'Мышкин', '57.7881664', '38.4542816'),
(1717, 'Набережные Челны', '55.7436475', '52.3958739'),
(1718, 'Навашино', '55.5439105', '42.1887734'),
(1719, 'Наволоки', '57.4678426', '41.9607371'),
(1720, 'Надым', '65.5377514', '72.5182746'),
(1721, 'Назарово', '56.0113176', '90.4167947'),
(1722, 'Назрань', '43.2257977', '44.7646850'),
(1723, 'Называевск', '55.5688811', '71.3502572'),
(1724, 'Нальчик', '43.4846312', '43.6070316'),
(1725, 'Нариманов', '46.6916597', '47.8501624'),
(1726, 'Наро-Фоминск', '55.3802749', '36.7608038'),
(1727, 'Нарткала', '43.5577208', '43.8576411'),
(1728, 'Нарьян-Мар', '67.6381525', '53.0069336'),
(1729, 'Находка', '42.8240404', '99.9999999'),
(1730, 'Невель', '56.0201544', '29.9240505'),
(1731, 'Невельск', '46.6527314', '99.9999999'),
(1732, 'Невинномысск', '44.6227404', '41.9476147'),
(1733, 'Невьянск', '57.4912330', '60.2181839'),
(1734, 'Нелидово', '56.2232417', '32.7766656'),
(1735, 'Неман', '55.0315543', '22.0323961'),
(1736, 'Нерехта', '57.4543706', '40.5725438'),
(1737, 'Нерчинск', '51.9595512', '99.9999999'),
(1738, 'Нерюнгри', '56.6600322', '99.9999999'),
(1739, 'Нестеров', '54.6314454', '22.5713658'),
(1740, 'Нефтегорск', '52.7972590', '51.1637126'),
(1741, 'Нефтекамск', '56.0883075', '54.2483391'),
(1742, 'Нефтекумск', '44.7544866', '44.9865041'),
(1743, 'Нефтеюганск', '61.0882837', '72.6164185'),
(1744, 'Нея', '58.2944499', '43.8780965'),
(1745, 'Нижневартовск', '60.9397379', '76.5696206'),
(1746, 'Нижнекамск', '55.6311963', '51.8144070'),
(1747, 'Нижнеудинск', '54.8969105', '99.0313481'),
(1748, 'Нижние Серги', '56.6544606', '59.2952291'),
(1749, 'Нижний Ломов', '53.5301274', '43.6729216'),
(1750, 'Нижний Новгород', '56.3242093', '44.0053948'),
(1751, 'Нижний Тагил', '57.9101038', '59.9813242'),
(1752, 'Нижняя Салда', '58.0749243', '60.7026555'),
(1753, 'Нижняя Тура', '58.6310942', '59.8521265'),
(1754, 'Николаевск', '50.0166952', '45.4733204'),
(1755, 'Николаевск-на-Амуре', '53.1461943', '99.9999999'),
(1756, 'Никольск', '59.5350162', '45.4575468'),
(1757, 'Никольск', '53.7138397', '46.0799620'),
(1758, 'Никольское', '59.7042633', '30.7874879'),
(1759, 'Новая Ладога', '60.1100013', '32.3141446'),
(1760, 'Новая Ляля', '59.0539610', '60.5945405'),
(1761, 'Новоалександровск', '45.4933561', '41.2154482'),
(1762, 'Новоалтайск', '53.4120811', '83.9311249'),
(1763, 'Новоаннинский', '50.5296873', '42.6666038'),
(1764, 'Нововоронеж', '51.3092463', '39.2162865'),
(1765, 'Новодвинск', '64.4136023', '40.8208003'),
(1766, 'Новозыбков', '52.5371426', '31.9356826'),
(1767, 'Новокубанск', '45.1038782', '41.0473679'),
(1768, 'Новокузнецк', '53.7942757', '87.2144046'),
(1769, 'Новокуйбышевск', '53.0995303', '49.9477662'),
(1770, 'Новомичуринск', '54.0377979', '39.7467023'),
(1771, 'Новомосковск', '54.0109754', '38.2915652'),
(1772, 'Новопавловск', '43.9617565', '43.6342855'),
(1773, 'Новоржев', '57.0298332', '29.3433330'),
(1774, 'Новороссийск', '44.7234264', '37.7687218'),
(1775, 'Новосибирск', '55.0281016', '82.9210575'),
(1776, 'Новосиль', '52.9747225', '37.0438402'),
(1777, 'Новосокольники', '56.3407627', '30.1527712'),
(1778, 'Новотроицк', '51.1965071', '58.3017455'),
(1779, 'Новоузенск', '50.4551744', '48.1412622'),
(1780, 'Новоульяновск', '54.1447691', '48.3911701'),
(1781, 'Новоуральск', '57.2471507', '60.0957010'),
(1782, 'Новохоперск', '51.0953461', '41.6173714'),
(1783, 'Новочебоксарск', '56.1094860', '47.4791429'),
(1784, 'Новочеркасск', '47.4119248', '40.1042066'),
(1785, 'Новошахтинск', '47.7576522', '39.9364709'),
(1786, 'Новый Оскол', '50.7635162', '37.8774026'),
(1787, 'Новый Уренгой', '66.0840036', '76.6810032'),
(1788, 'Ногинск', '55.8686239', '38.4621635'),
(1789, 'Нолинск', '57.5596946', '49.9357867'),
(1790, 'Норильск', '69.3490828', '88.2009965'),
(1791, 'Ноябрьск', '63.2018460', '75.4509665'),
(1792, 'Нурлат', '54.4281578', '50.8050431'),
(1793, 'Нытва', '57.9337429', '55.3357261'),
(1794, 'Нюрба', '63.2828775', '99.9999999'),
(1795, 'Нягань', '62.1454839', '65.3944361'),
(1796, 'Нязепетровск', '56.0537199', '59.6096791'),
(1797, 'Няндома', '61.6653735', '40.2061699'),
(1798, 'Облучье', '49.0188344', '99.9999999'),
(1799, 'Обнинск', '55.0943892', '36.6121785'),
(1800, 'Обоянь', '51.2120120', '36.2754250'),
(1801, 'Обь', '54.9945882', '82.6937925'),
(1802, 'Одинцово', '55.6789292', '37.2636389'),
(1803, 'Озерск', '54.4084804', '22.0135080'),
(1804, 'Озерск', '55.7631922', '60.7076337'),
(1805, 'Озеры', '54.8539944', '38.5598700'),
(1806, 'Октябрьск', '53.1640886', '48.6707463'),
(1807, 'Октябрьский', '54.4815344', '53.4656611'),
(1808, 'Окуловка', '58.3908717', '33.2902474'),
(1809, 'Олекминск', '60.3758203', '99.9999999'),
(1810, 'Оленегорск', '68.1422068', '33.2670094'),
(1811, 'Олонец', '60.9793604', '32.9726031'),
(1812, 'Омск', '54.9848136', '73.3674638'),
(1813, 'Омутнинск', '58.6697684', '52.1893554'),
(1814, 'Онега', '63.9163966', '38.0805749'),
(1815, 'Опочка', '56.7107956', '28.6717455'),
(1816, 'Орёл', '52.9672573', '36.0696479'),
(1817, 'Оренбург', '51.7875191', '55.1017379'),
(1818, 'Орехово-Зуево', '55.8151729', '38.9870711'),
(1819, 'Орлов', '58.5389402', '48.8929268'),
(1820, 'Орск', '51.2293069', '58.4751889'),
(1821, 'Оса', '57.2889992', '55.4688982'),
(1822, 'Осинники', '53.5987397', '87.3369948'),
(1823, 'Осташков', '57.1457205', '33.1116707'),
(1824, 'Остров', '57.3452408', '28.3437107'),
(1825, 'Островной', '68.0509133', '39.5076034'),
(1826, 'Острогожск', '50.8678083', '39.0406398'),
(1827, 'Отрадное', '59.7725960', '30.7988403'),
(1828, 'Отрадный', '53.3800609', '51.3438695'),
(1829, 'Оха', '53.5868238', '99.9999999'),
(1830, 'Оханск', '57.7178946', '55.3871530'),
(1831, 'Очер', '57.8851991', '54.7161756'),
(1832, 'Павлово', '55.9797995', '43.0996232'),
(1833, 'Павловск', '50.4533684', '40.1369087'),
(1834, 'Павловский Посад', '55.7806718', '38.6596047'),
(1835, 'Палласовка', '50.0501422', '46.8803355'),
(1836, 'Партизанск', '43.1279833', '99.9999999'),
(1837, 'Певек', '69.7018051', '99.9999999'),
(1838, 'Пенза', '53.1753884', '45.0347408'),
(1839, 'Первомайск', '54.8676182', '43.8012829'),
(1840, 'Первоуральск', '56.9081665', '59.9429205'),
(1841, 'Перевоз', '55.5969040', '44.5450268'),
(1842, 'Пересвет', '56.4158828', '38.1733567'),
(1843, 'Переславль-Залесский', '56.7360435', '38.8543064'),
(1844, 'Пермь', '58.0103211', '56.2341778'),
(1845, 'Пестово', '58.5973944', '35.8144523'),
(1846, 'Петров Вал', '50.1380355', '45.2091455'),
(1847, 'Петровск', '52.3093782', '45.3851649'),
(1848, 'Петровск-Забайкальский', '51.2748381', '99.9999999'),
(1849, 'Петрозаводск', '61.7890900', '34.3596263'),
(1850, 'Петропавловск-Камчатский', '53.0370213', '99.9999999'),
(1851, 'Петухово', '55.0649932', '67.8874369'),
(1852, 'Петушки', '55.9297657', '39.4507913'),
(1853, 'Печора', '65.1485717', '57.2238800'),
(1854, 'Печоры', '57.8146689', '27.6222823'),
(1855, 'Пикалево', '59.5130655', '34.1773982'),
(1856, 'Пионерский', '54.9516927', '20.2276970'),
(1857, 'Питкяранта', '61.5756886', '31.4641309'),
(1858, 'Плавск', '53.7095993', '37.2863144'),
(1859, 'Пласт', '54.3691832', '60.8152305'),
(1860, 'Плес', '57.4605304', '41.5123010'),
(1861, 'Поворино', '51.1953446', '42.2472432'),
(1862, 'Подольск', '55.4389588', '37.5702700'),
(1863, 'Подпорожье', '60.9127463', '34.1567832'),
(1864, 'Покачи', '61.7421977', '75.5942069'),
(1865, 'Покров', '55.9167118', '39.1733641'),
(1866, 'Покровск', '61.4843538', '99.9999999'),
(1867, 'Полевской', '56.4958085', '60.2366314'),
(1868, 'Полесск', '54.8626321', '21.0998148'),
(1869, 'Полысаево', '54.6053968', '86.2808803'),
(1870, 'Полярные Зори', '67.3730192', '32.4975410'),
(1871, 'Полярный', '69.1988373', '33.4509985'),
(1872, 'Поронайск', '49.2387983', '99.9999999'),
(1873, 'Порхов', '57.7764223', '29.5436424'),
(1874, 'Похвистнево', '53.6498197', '52.1235517'),
(1875, 'Почеп', '52.9154724', '33.4744608'),
(1876, 'Починок', '54.4063031', '32.4397914'),
(1877, 'Пошехонье', '58.5063280', '39.1210034'),
(1878, 'Правдинск', '54.4430604', '21.0083638'),
(1879, 'Приволжск', '57.3807249', '41.2809239'),
(1880, 'Приморск', '54.7311185', '19.9983108'),
(1881, 'Приморск', '60.3660787', '28.6135962'),
(1882, 'Приморско-Ахтарск', '46.0515000', '38.1704654'),
(1883, 'Приозерск', '61.0331300', '30.1587600'),
(1884, 'Прокопьевск', '53.8604562', '86.7183428'),
(1885, 'Пролетарск', '46.7038968', '41.7274533'),
(1886, 'Протвино', '54.8706614', '37.2183307'),
(1887, 'Прохладный', '43.7589521', '44.0101936'),
(1888, 'Псков', '57.8192840', '28.3318188'),
(1889, 'Пугачев', '52.0158464', '48.7972652'),
(1890, 'Пудож', '61.8059147', '36.5330088'),
(1891, 'Пустошка', '56.3375131', '29.3668243'),
(1892, 'Пучеж', '56.9820750', '43.1683878'),
(1893, 'Пушкино', '56.0104548', '37.8471438'),
(1894, 'Пущино', '54.8325210', '37.6210428'),
(1895, 'Пыталово', '57.0637109', '27.9234759'),
(1896, 'Пыть-Ях', '60.7585769', '72.8366445'),
(1897, 'Пятигорск', '44.0411669', '43.0661091'),
(1898, 'Радужный', '55.9961034', '40.3323247'),
(1899, 'Радужный', '62.1343067', '77.4584346'),
(1900, 'Райчихинск', '49.7941882', '99.9999999'),
(1901, 'Раменское', '55.5495290', '38.2730150'),
(1902, 'Рассказово', '52.6537517', '41.8743779'),
(1903, 'Ревда', '56.7986900', '59.9071464'),
(1904, 'Реж', '57.3717914', '61.3833223'),
(1905, 'Реутов', '55.7582360', '37.8619443'),
(1906, 'Ржев', '56.2629393', '34.3291178'),
(1907, 'Родники', '57.1024137', '41.7298908'),
(1908, 'Рославль', '53.9449601', '32.8479617'),
(1909, 'Россошь', '50.1700890', '39.6225534'),
(1910, 'Ростов', '57.2050177', '39.4378357'),
(1911, 'Ростов-на-Дону', '47.2224364', '39.7187866'),
(1912, 'Рошаль', '55.6632504', '39.8655434'),
(1913, 'Ртищево', '52.2616298', '43.7842399'),
(1914, 'Рубцовск', '51.5013075', '81.2077729'),
(1915, 'Рудня', '54.9441357', '31.0794758'),
(1916, 'Руза', '55.7015302', '36.1960043'),
(1917, 'Рузаевка', '54.0583238', '44.9491160'),
(1918, 'Рыбинск', '58.0483802', '38.8583380'),
(1919, 'Рыбное', '54.7255937', '39.5134380'),
(1920, 'Рыльск', '51.5681650', '34.6802178'),
(1921, 'Ряжск', '53.7067718', '40.0521358'),
(1922, 'Рязань', '54.6254570', '39.7359992'),
(1923, 'Саки', '45.1342889', '33.6032508'),
(1924, 'Салават', '53.3616311', '55.9245559'),
(1925, 'Салаир', '54.2351588', '85.8029215'),
(1926, 'Салехард', '66.5493568', '66.6083994'),
(1927, 'Сальск', '46.4751689', '41.5412229'),
(1928, 'Самара', '53.1951657', '50.1067691'),
(1929, 'Саранск', '54.1807601', '45.1862263'),
(1930, 'Сарапул', '56.4616117', '53.8036967'),
(1931, 'Саратов', '51.5303760', '45.9530257'),
(1932, 'Саров', '54.9227002', '43.3447792'),
(1933, 'Сасово', '54.3508070', '41.9117458'),
(1934, 'Сатка', '55.0404497', '59.0288153'),
(1935, 'Сафоново', '55.1199868', '33.2337990'),
(1936, 'Саяногорск', '53.1008226', '91.4121643'),
(1937, 'Саянск', '54.1107787', '99.9999999'),
(1938, 'Светлогорск', '54.9439566', '20.1514789'),
(1939, 'Светлоград', '45.3284769', '42.8566923'),
(1940, 'Светлый', '54.6774051', '20.1356625'),
(1941, 'Светогорск', '61.1112679', '28.8726666'),
(1942, 'Свирск', '53.0842576', '99.9999999'),
(1943, 'Свободный', '51.3612640', '99.9999999'),
(1944, 'Себеж', '56.2907663', '28.4725735'),
(1945, 'Северобайкальск', '55.6357165', '99.9999999'),
(1946, 'Северодвинск', '64.5625300', '39.8182715'),
(1947, 'Северо-Курильск', '50.6731056', '99.9999999'),
(1948, 'Североморск', '69.0765029', '33.4178354'),
(1949, 'Североуральск', '60.1533333', '59.9525274'),
(1950, 'Северск', '56.6031143', '84.8809687'),
(1951, 'Севск', '52.1484215', '34.4918198'),
(1952, 'Сегежа', '63.7437211', '34.3126755'),
(1953, 'Сельцо', '53.3738801', '34.1059226'),
(1954, 'Семенов', '56.7889350', '44.4903571'),
(1955, 'Семикаракорск', '47.5177981', '40.8115850'),
(1956, 'Семилуки', '51.6951846', '39.0189797'),
(1957, 'Сенгилей', '53.9590553', '48.7767869'),
(1958, 'Серафимович', '49.5662860', '42.7360013'),
(1959, 'Сергач', '55.5200364', '45.4813193'),
(1960, 'Сергиев Посад', '56.3063411', '38.1502568'),
(1961, 'Сердобск', '52.4697532', '44.2122688'),
(1962, 'Серов', '59.6048651', '60.5752136'),
(1963, 'Серпухов', '54.9225396', '37.4032682'),
(1964, 'Сертолово', '60.1445800', '30.2094595'),
(1965, 'Сибай', '52.7205811', '58.6663303'),
(1966, 'Сим', '54.9906584', '57.6899045'),
(1967, 'Симферополь', '44.9482645', '34.1001170'),
(1968, 'Сковородино', '53.9871004', '99.9999999'),
(1969, 'Скопин', '53.8236028', '39.5493286'),
(1970, 'Славгород', '52.9993053', '78.6459674'),
(1971, 'Славск', '55.0451054', '21.6742294'),
(1972, 'Славянск-на-Кубани', '45.2605079', '38.1260725'),
(1973, 'Сланцы', '59.1178693', '28.0881060'),
(1974, 'Слободской', '58.7311934', '50.1670091'),
(1975, 'Слюдянка', '51.6562679', '99.9999999'),
(1976, 'Смоленск', '54.7867168', '31.8153366'),
(1977, 'Снежинск', '56.0852320', '60.7324989'),
(1978, 'Снежногорск', '69.1921469', '33.2382821'),
(1979, 'Собинка', '55.9937980', '40.0180034'),
(1980, 'Советск', '55.0810474', '21.8886272'),
(1981, 'Советск', '57.5841434', '48.9589228'),
(1982, 'Советск', '53.9337099', '37.6315517'),
(1983, 'Советская Гавань', '48.9664554', '99.9999999'),
(1984, 'Советский', '61.3706695', '63.5668630'),
(1985, 'Сокол', '59.4759156', '40.1114414'),
(1986, 'Солигалич', '59.0786729', '42.2877245'),
(1987, 'Соликамск', '59.6483518', '56.7710358'),
(1988, 'Солнечногорск', '56.2148655', '37.0967653'),
(1989, 'Сольвычегодск', '61.3318091', '46.9203510'),
(1990, 'Соль-Илецк', '51.1634976', '54.9895391'),
(1991, 'Сольцы', '58.1201693', '30.3092850'),
(1992, 'Сорочинск', '52.4265081', '53.1542123'),
(1993, 'Сорск', '54.0001451', '90.2595674'),
(1994, 'Сортавала', '61.7032216', '30.6917021'),
(1995, 'Сосенский', '54.0565250', '35.9621458'),
(1996, 'Сосновка', '56.2533149', '51.2833412'),
(1997, 'Сосновоборск', '56.1202088', '93.3353411'),
(1998, 'Сосновый Бор', '59.8772921', '29.1290866'),
(1999, 'Сосногорск', '63.5990137', '53.8762792'),
(2000, 'Сочи', '43.5855829', '39.7231419'),
(2001, 'Спас-Деменск', '54.4099201', '34.0190263'),
(2002, 'Спас-Клепики', '55.1291472', '40.1745036'),
(2003, 'Спасск', '53.9271630', '43.1860475'),
(2004, 'Спасск-Дальний', '44.5900929', '99.9999999'),
(2005, 'Спасск-Рязанский', '54.4071497', '40.3764367'),
(2006, 'Среднеколымск', '67.4581664', '99.9999999'),
(2007, 'Среднеуральск', '56.9918830', '60.4771953'),
(2008, 'Сретенск', '52.2462356', '99.9999999'),
(2009, 'Ставрополь', '45.0445439', '41.9690168'),
(2010, 'Старая Купавна', '55.8038411', '38.1426144'),
(2011, 'Старая Русса', '57.9906873', '31.3555076'),
(2012, 'Старица', '56.5149550', '34.9335145'),
(2013, 'Стародуб', '52.5851881', '32.7603628'),
(2014, 'Старый Крым', '45.0290659', '35.0900885'),
(2015, 'Старый Оскол', '51.2965991', '37.8349849'),
(2016, 'Стерлитамак', '53.6302498', '55.9315707'),
(2017, 'Стрежевой', '60.7328199', '77.6040323'),
(2018, 'Строитель', '50.7845571', '36.4886619'),
(2019, 'Струнино', '56.3750001', '38.5839380'),
(2020, 'Ступино', '54.9238403', '38.1186976'),
(2021, 'Суворов', '54.1345367', '36.4806933'),
(2022, 'Судак', '44.8505913', '34.9761591'),
(2023, 'Суджа', '51.1919711', '35.2719619'),
(2024, 'Судогда', '55.9498970', '40.8563392'),
(2025, 'Суздаль', '56.4273814', '40.4525581'),
(2026, 'Суоярви', '62.0787769', '32.3499029'),
(2027, 'Сураж', '53.0171239', '32.3938351'),
(2028, 'Сургут', '61.2539773', '73.3961726'),
(2029, 'Суровикино', '48.6189756', '42.8541308'),
(2030, 'Сурск', '53.0760597', '45.6911897'),
(2031, 'Сусуман', '62.7804628', '99.9999999'),
(2032, 'Сухиничи', '54.0973787', '35.3443077'),
(2033, 'Сухой Лог', '56.9075938', '62.0358708'),
(2034, 'Сызрань', '53.1557213', '48.4745419'),
(2035, 'Сыктывкар', '61.6687890', '50.8356491'),
(2036, 'Сысерть', '56.5005200', '60.8190708'),
(2037, 'Сычевка', '55.8307397', '34.2778680'),
(2038, 'Сясьстрой', '60.1402454', '32.5602015'),
(2039, 'Тавда', '58.0434196', '65.2743232'),
(2040, 'Таганрог', '47.2094907', '38.9351540'),
(2041, 'Тайга', '56.0622767', '85.6207907'),
(2042, 'Тайшет', '55.9405397', '98.0030649'),
(2043, 'Талдом', '56.7308993', '37.5276414'),
(2044, 'Талица', '57.0123359', '63.7322467'),
(2045, 'Тамбов', '52.7213021', '41.4522580'),
(2046, 'Тара', '56.9159171', '74.3649643'),
(2047, 'Тарко-Сале', '64.9117649', '77.7610204'),
(2048, 'Таруса', '54.7236791', '37.1670866'),
(2049, 'Татарск', '55.2145894', '75.9740805'),
(2050, 'Таштагол', '52.7594505', '87.8477272'),
(2051, 'Тверь', '56.8585396', '35.9117898'),
(2052, 'Теберда', '43.4438408', '41.7414924'),
(2053, 'Тейково', '56.8542712', '40.5355289'),
(2054, 'Темников', '54.6309086', '43.2161785'),
(2055, 'Темрюк', '45.2611082', '37.4455190'),
(2056, 'Терек', '43.4838439', '44.1402524'),
(2057, 'Тетюши', '54.9365750', '48.8314915'),
(2058, 'Тимашевск', '45.6159358', '38.9350513'),
(2059, 'Тихвин', '59.6273809', '33.5072307'),
(2060, 'Тихорецк', '45.8546953', '40.1258702'),
(2061, 'Тобольск', '58.2016828', '68.2538392'),
(2062, 'Тогучин', '55.2250038', '84.4103867'),
(2063, 'Тольятти', '53.5206438', '49.3894610'),
(2064, 'Томари', '47.7619957', '99.9999999'),
(2065, 'Томмот', '58.9586939', '99.9999999'),
(2066, 'Томск', '56.4847036', '84.9481737'),
(2067, 'Топки', '55.2766036', '85.6153223'),
(2068, 'Торжок', '57.0412804', '34.9600691'),
(2069, 'Торопец', '56.5011791', '31.6354366'),
(2070, 'Тосно', '59.5406697', '30.8777872'),
(2071, 'Тотьма', '59.9735051', '42.7589701'),
(2072, 'Трехгорный', '54.8178174', '58.4465039'),
(2073, 'Троицк', '54.0844132', '61.5585503'),
(2074, 'Трубчевск', '52.5791314', '33.7660013'),
(2075, 'Туапсе', '44.1103707', '39.0826450'),
(2076, 'Туймазы', '54.5999889', '53.6949081'),
(2077, 'Тула', '54.1920170', '37.6153885'),
(2078, 'Тулун', '54.5571409', '99.9999999'),
(2079, 'Туран', '52.1449320', '93.9172495'),
(2080, 'Туринск', '58.0394258', '63.6981420'),
(2081, 'Тутаев', '57.8674237', '39.5368234'),
(2082, 'Тында', '55.1546401', '99.9999999'),
(2083, 'Тырныауз', '43.3981939', '42.9215127'),
(2084, 'Тюкалинск', '55.8705121', '72.1956156'),
(2085, 'Тюмень', '57.1530824', '65.5343118'),
(2086, 'Уварово', '51.9768835', '42.2529568'),
(2087, 'Углегорск', '49.0816311', '99.9999999'),
(2088, 'Углич', '57.5223866', '38.3019793'),
(2089, 'Удачный', '66.4072367', '99.9999999'),
(2090, 'Удомля', '57.8787885', '35.0167160'),
(2091, 'Ужур', '55.3141977', '89.8333827'),
(2092, 'Узловая', '53.9731407', '38.1763104'),
(2093, 'Улан-Удэ', '51.8334378', '99.9999999'),
(2094, 'Ульяновск', '54.3080674', '48.3748717'),
(2095, 'Унеча', '52.8460665', '32.6757071'),
(2096, 'Урай', '60.1295842', '64.8040117'),
(2097, 'Урень', '57.4612547', '45.7833940'),
(2098, 'Уржум', '57.1097612', '50.0056278'),
(2099, 'Урюпинск', '50.7904767', '42.0288589'),
(2100, 'Усинск', '65.9941116', '57.5570054'),
(2101, 'Усмань', '52.0444165', '39.7264516'),
(2102, 'Усолье', '59.4279356', '56.6837783'),
(2103, 'Усолье-Сибирское', '52.7567192', '99.9999999'),
(2104, 'Уссурийск', '43.7972600', '99.9999999'),
(2105, 'Усть-Джегута', '44.0838520', '41.9711280'),
(2106, 'Усть-Илимск', '57.9431325', '99.9999999'),
(2107, 'Усть-Катав', '54.9261323', '58.1528067'),
(2108, 'Усть-Кут', '56.7928049', '99.9999999'),
(2109, 'Усть-Лабинск', '45.2226760', '39.6930239'),
(2110, 'Устюжна', '58.8383671', '36.4425046'),
(2111, 'Уфа', '54.7348530', '55.9578647'),
(2112, 'Ухта', '63.5564779', '53.7014202'),
(2113, 'Учалы', '54.3066965', '59.4126559'),
(2114, 'Уяр', '55.8131698', '94.3282148'),
(2115, 'Фатеж', '52.0918591', '35.8538912'),
(2116, 'Феодосия', '45.0318780', '35.3824772'),
(2117, 'Фокино', '53.4554552', '34.4158537'),
(2118, 'Фокино', '42.9707163', '99.9999999'),
(2119, 'Фролово', '49.7647809', '43.6648936'),
(2120, 'Фрязино', '55.9590154', '38.0409171'),
(2121, 'Фурманов', '57.2538043', '41.1053808'),
(2122, 'Хабаровск', '48.4647991', '99.9999999'),
(2123, 'Хадыженск', '44.4123030', '39.5319151'),
(2124, 'Ханты-Мансийск', '61.0024344', '69.0183322'),
(2125, 'Харабали', '47.4089187', '47.2524467'),
(2126, 'Харовск', '59.9477728', '40.2000794'),
(2127, 'Хасавюрт', '43.2505191', '46.5852276'),
(2128, 'Хвалынск', '52.4950057', '48.1045147'),
(2129, 'Хилок', '51.3635236', '99.9999999'),
(2130, 'Химки', '55.8886705', '37.4304154'),
(2131, 'Холм', '57.1451036', '31.1787812'),
(2132, 'Холмск', '47.0408637', '99.9999999'),
(2133, 'Хотьково', '56.2515725', '37.9395225'),
(2134, 'Цивильск', '55.8650132', '47.4729670'),
(2135, 'Цимлянск', '47.6477668', '42.0930220'),
(2136, 'Циолковский', '51.7624346', '99.9999999'),
(2137, 'Чадан', '51.2844482', '91.5789135'),
(2138, 'Чайковский', '56.7780203', '54.1478482'),
(2139, 'Чапаевск', '52.9289662', '49.8674222'),
(2140, 'Чаплыгин', '53.2404794', '39.9671563'),
(2141, 'Чебаркуль', '54.9819329', '60.3773305'),
(2142, 'Чебоксары', '56.1439378', '47.2488718'),
(2143, 'Чегем', '43.5672039', '43.5865338'),
(2144, 'Чекалин', '54.0985105', '36.2474377'),
(2145, 'Челябинск', '55.1603659', '61.4007858'),
(2146, 'Чердынь', '60.4011184', '56.4801391'),
(2147, 'Черемхово', '53.1369385', '99.9999999'),
(2148, 'Черепаново', '54.2206974', '83.3724392'),
(2149, 'Череповец', '59.1269214', '37.9092243'),
(2150, 'Черкесск', '44.2268637', '42.0467829'),
(2151, 'Чермоз', '58.7842527', '56.1507562'),
(2152, 'Черноголовка', '56.0100909', '38.3792328'),
(2153, 'Черногорск', '53.8258425', '91.3259669'),
(2154, 'Чернушка', '56.5161079', '56.0763919'),
(2155, 'Черняховск', '54.6243928', '21.7969179'),
(2156, 'Чехов', '55.1507175', '37.4532591'),
(2157, 'Чистополь', '55.3699372', '50.6284950'),
(2158, 'Чита', '52.0340128', '99.9999999'),
(2159, 'Чкаловск', '56.7651549', '43.2420193'),
(2160, 'Чудово', '59.1247477', '31.6865406'),
(2161, 'Чулым', '55.0906205', '80.9592152'),
(2162, 'Чусовой', '58.2974725', '57.8193122'),
(2163, 'Чухлома', '58.7534246', '42.6883783'),
(2164, 'Шагонар', '51.5347357', '92.9199618'),
(2165, 'Шадринск', '56.0870152', '63.6298234'),
(2166, 'Шали', '43.1487760', '45.9009577'),
(2167, 'Шарыпово', '55.5389684', '89.1801557'),
(2168, 'Шарья', '58.3761832', '45.4060762'),
(2169, 'Шатура', '55.5777942', '39.5443781'),
(2170, 'Шахты', '47.7084247', '40.2159154'),
(2171, 'Шахунья', '57.6764773', '46.6129673'),
(2172, 'Шацк', '54.0288845', '41.7182108'),
(2173, 'Шебекино', '50.4005506', '36.8877988'),
(2174, 'Шелехов', '52.2102462', '99.9999999'),
(2175, 'Шенкурск', '62.1057423', '42.8995900'),
(2176, 'Шилка', '51.8495302', '99.9999999'),
(2177, 'Шимановск', '52.0052856', '99.9999999'),
(2178, 'Шиханы', '52.1148241', '47.2022928'),
(2179, 'Шлиссельбург', '59.9443923', '31.0334136'),
(2180, 'Шумерля', '55.4961795', '46.4183534'),
(2181, 'Шумиха', '55.2281833', '63.2902391'),
(2182, 'Шуя', '56.8560743', '41.3802455'),
(2183, 'Щекино', '54.0020749', '37.5176860'),
(2184, 'Щелкино', '45.4289847', '35.8251329'),
(2185, 'Щелково', '55.9234303', '37.9784419');
INSERT INTO `town` (`id`, `city`, `latitude`, `longitude`) VALUES
(2186, 'Щигры', '51.8787808', '36.8910674'),
(2187, 'Щучье', '55.2088300', '62.7478475'),
(2188, 'Электрогорск', '55.8778573', '38.7805239'),
(2189, 'Электросталь', '55.7847718', '38.4446531'),
(2190, 'Электроугли', '55.7170329', '38.2194049'),
(2191, 'Элиста', '46.3082947', '44.2701417'),
(2192, 'Энгельс', '51.4854893', '46.1267479'),
(2193, 'Эртиль', '51.8310240', '40.8074054'),
(2194, 'Югорск', '61.3124504', '63.3364787'),
(2195, 'Южа', '56.5926458', '42.0457159'),
(2196, 'Южно-Сахалинск', '46.9591330', '99.9999999'),
(2197, 'Южно-Сухокумск', '44.6600972', '45.6499304'),
(2198, 'Южноуральск', '54.4490124', '61.2581869'),
(2199, 'Юрга', '55.7202689', '84.8885516'),
(2200, 'Юрьевец', '57.3178701', '43.1110553'),
(2201, 'Юрьев-Польский', '56.4938067', '39.6679311'),
(2202, 'Юрюзань', '54.8546372', '58.4227116'),
(2203, 'Юхнов', '54.7445873', '35.2424857'),
(2204, 'Ядрин', '55.9406826', '46.2020765'),
(2205, 'Якутск', '62.0280273', '99.9999999'),
(2206, 'Ялта', '44.4163660', '34.0445500'),
(2207, 'Ялта', '44.4951948', '34.1663860'),
(2208, 'Ялуторовск', '56.6491670', '66.2970340'),
(2209, 'Янаул', '56.2650336', '54.9298314'),
(2210, 'Яранск', '57.3041950', '47.8479185'),
(2211, 'Яровое', '52.9251728', '78.5729898'),
(2212, 'Ярославль', '57.6216145', '39.8978780'),
(2213, 'Ярцево', '55.0564933', '32.6902457'),
(2214, 'Ясногорск', '54.4795178', '37.6896690'),
(2215, 'Ясный', '51.0369499', '59.8743256'),
(2216, 'Яхрома', '56.2889858', '37.4831016');

-- --------------------------------------------------------

--
-- Структура таблицы `user`
--

CREATE TABLE `user` (
  `id` int NOT NULL COMMENT 'id пользователя',
  `full_name` varchar(200) CHARACTER SET utf8mb4 COLLATE utf8mb4_0900_ai_ci NOT NULL COMMENT 'имя и фамилия пользователя',
  `sign_date` datetime DEFAULT CURRENT_TIMESTAMP COMMENT 'дата и время создания аккаунта',
  `role` varchar(100) CHARACTER SET utf8mb4 COLLATE utf8mb4_0900_ai_ci NOT NULL COMMENT 'роль: заказчик=0 исполнитель=1',
  `phone` varchar(120) CHARACTER SET utf8mb4 COLLATE utf8mb4_0900_ai_ci NOT NULL COMMENT 'номер телефона пользователя',
  `email` varchar(120) CHARACTER SET utf8mb4 COLLATE utf8mb4_0900_ai_ci NOT NULL COMMENT 'email пользователя',
  `telegram` varchar(120) CHARACTER SET utf8mb4 COLLATE utf8mb4_0900_ai_ci DEFAULT NULL COMMENT 'telegram пользователя',
  `password` varchar(100) CHARACTER SET utf8mb4 COLLATE utf8mb4_0900_ai_ci NOT NULL COMMENT 'пароль к аккаунту',
  `avatar` varchar(200) CHARACTER SET utf8mb4 COLLATE utf8mb4_0900_ai_ci DEFAULT NULL COMMENT 'URL аватара пользователя',
  `about_user` varchar(450) CHARACTER SET utf8mb4 COLLATE utf8mb4_0900_ai_ci DEFAULT NULL COMMENT 'рассказ исполнителя о себе',
  `birthdate` date DEFAULT NULL COMMENT 'дата рождения',
  `town_id` int DEFAULT NULL COMMENT 'почтовый код города'
) ENGINE=InnoDB DEFAULT CHARSET=utf8mb3;

--
-- Дамп данных таблицы `user`
--

INSERT INTO `user` (`id`, `full_name`, `sign_date`, `role`, `phone`, `email`, `telegram`, `password`, `avatar`, `about_user`, `birthdate`, `town_id`) VALUES
(1, 'Фадеева Лариса', '2021-02-13 00:00:00', '0', '+3781859813489', 'makar.belova@bolsakova.org', '@atque', 'ePyfNr&fpj', 'https://via.placeholder.com/640x480.png/00bb44?text=quo', 'На другой день Чичиков провел вечер у председателя палаты, который принимал гостей своих в халате, несколько замасленном, и в то время, как барин — барахтался в грязи, силясь оттуда вылезть, и.', '1992-07-14', 688),
(2, 'Воронцов Иннокентий ', '2021-05-24 00:00:00', '0', '+663887670189', 'alisa98@hotmail.com', '@innokent', '&KZv?t', 'https://via.placeholder.com/640x480.png/007700?text=officia', 'Такая, право, — комиссия: не рад, что связался, хотят непременно, чтоб у жениха было — хорошее, если бы, например, такой человек, что дрожишь из-за этого — вздору. — Черта лысого получишь! хотел.', '1993-08-15', 247),
(3, 'Ульяна Яковлеваа', '2021-02-09 00:00:00', '0', '+252794919722', 'krykov.klementina@hotmail.com', '@pariatur', 'F`6MiGQNg_gx', 'https://via.placeholder.com/640x480.png/009944?text=earum', 'Казалось, как будто несколько знакомым. Пока он его рассматривал, белокурый успел уже нащупать дверь и отворить ее. Это был среднего роста, очень недурно сложенный молодец с полными румяными щеками.', '2002-11-03', 992),
(4, 'Давыдова Диана ', '2021-07-09 00:00:00', '0', '+256132135136', 'osipov.ykov@savelev.net', '@sapiente', 'DKA:Mi~', 'https://via.placeholder.com/640x480.png/00aa00?text=rerum', 'Ведь я продаю не лапти. — Однако ж согласитесь сами: ведь это все народ мертвый. Мертвым телом хоть забор подпирай, — говорит пословица. — Да, именно, — сказал Чичиков, ожидая не без приятности.', '1983-06-21', 165),
(5, 'Георгий  Рябов', '2021-05-03 00:00:00', '0', '+637759978618', 'yna.bobrov@aksenov.org', '@rerum', '1Z8.;NK:_3xEGrNwnPD', 'https://via.placeholder.com/640x480.png/006622?text=doloribus', 'Вслед за тем мешку с разным лакейским туалетом. В этой же конюшне видели козла, которого, по словам его, были самой субдительной сюперфлю, — слово, обидное для мужчины, происхоит от Фиты — — и не.', '1995-09-24', 877),
(6, 'Горбачёв Платон ', '2021-06-19 00:00:00', '1', '+35734902073', 'knikonov@hotmail.com', '@utgorby', '}lWHHFJ+u@K[q^U}', 'https://via.placeholder.com/640x480.png/00dd00?text=rem', 'Меня только то и другое, а все, однако ж, обратимся к действующим лицам. Чичиков, как уж мы видели, решился вовсе не сварилось. Видно, что повар руководствовался более каким-то вдохновеньем и клал.', '2000-01-20', 379),
(7, 'Елизавета Жданова', '2021-10-11 00:00:00', '0', '+50953121169', 'fedorov.kuzma@mail.ru', '@est', '\'_O>(@~O$Mv:7', 'https://via.placeholder.com/640x480.png/00ff00?text=fugit', 'Вот все, что ни есть ненужного, что Акулька у нас на театрах гости, входящие в последнем акте на сцену. Игроки были изображены с прицелившимися киями, несколько вывороченными назад руками и ногами.', '1980-07-03', 746),
(8, 'Валерий  Фомичёв', '2021-07-03 00:00:00', '0', '+8862455391484', 'sava75@aleksandrov.ru', '@eum', ')<h1^*IBXy0Dz5/', 'https://via.placeholder.com/640x480.png/00aa00?text=numquam', 'Но, однако ж, так устремит взгляд, как будто подступал под неприступную крепость. — — Прощайте, миленькие малютки! — сказал Собакевич, не выпуская его руки и держал его крепко. — Порфирий, Павлушка!.', '1992-02-13', 323),
(9, 'Игорь Воробьёва', '2021-04-27 00:00:00', '1', '+22283893188', 'fanisimova@terenteva.net', '@sequi', '3qe`Px\"KQee>T}sL5#p4', 'https://via.placeholder.com/640x480.png/0011dd?text=numquam', 'Это будет тебе дорога в Маниловку; а — который год? — Старшему осьмой, а меньшему вчера только минуло шесть, — сказала старуха — А, если хорошо, это другое дело: я против этого ничего, — сказал.', '1993-05-11', 237),
(10, 'Зимин Дмитрий ', '2021-10-30 00:00:00', '1', '+32116395058', 'danila.birykova@afanaseva.ru', '@aut', 'hh]w~\'', 'https://via.placeholder.com/640x480.png/00bb11?text=sit', 'Душенька, рекомендую тебе, — продолжал он, обращаясь к Чичикову, — вы не хотите продать, прощайте! — Позвольте, я сяду на стуле. — Позвольте прежде узнать, с кем имею честь говорить? — сказал.', '1980-12-03', 171),
(11, 'Флорентина  Анисимова', '2021-07-04 00:00:00', '0', '+979510848801', 'oksana13@lapina.net', '@blanditiis', '6Os`%m)</^o[_`,hjn\"', 'https://via.placeholder.com/640x480.png/00ffff?text=porro', 'Ты, однако ж, остановил, впрочем, — они увидели, точно, границу, состоявшую из деревянного столбика и узенького рва. — Вот щенок! — — Эй, Пелагея! — сказала девчонка. — Куда ж еще вы их кому нибудь.', '1990-06-19', 210),
(12, 'Викентий Стрелков', '2021-04-25 00:00:00', '1', '+2488111467', 'stepanov.viktoriy@kuzmina.net', '@sit', '<:Q<sOpX9y', 'https://via.placeholder.com/640x480.png/00ee00?text=reiciendis', 'Позвольте прежде узнать, с кем имею честь говорить? — сказал Чичиков, вздохнувши. — — и потом — прибавил: — А вот мы его после! — сказал тихо Чичиков Ноздреву. — А что я совсем — не знал даже.', '1991-01-06', 753),
(13, 'Зоя Казакова', '2021-09-26 00:00:00', '0', '+377779124345', 'ignatov.ignat@ya.ru', '@quia', 'qt$Z:b', 'https://via.placeholder.com/640x480.png/005599?text=cum', 'Фемистоклюс. — Умница, душенька! — сказал — Манилов. Этот вопрос, казалось, затруднил гостя, в лице своем мыслящую физиономию, покрыл нижнею губою верхнюю и сохранил такое положение во все горло.', '1983-10-04', 296),
(14, 'Лилия Герасимова', '2021-02-03 00:00:00', '0', '+903981032748', 'novikov.zakar@hotmail.com', '@nihil', '~W^.s#', 'https://via.placeholder.com/640x480.png/0011bb?text=eum', 'Спасибо, спасибо. Не беспокойтесь, а прикажите только вашей девке — повысушить и вычистить мое платье. — Слышишь, Фетинья! — сказала старуха, однако ж и не говори об этом! — подхватила помещица.', '1983-09-23', 188),
(15, 'Горшкова Валерия ', '2021-10-28 00:00:00', '1', '+5925597580', 'smerkuseva@prokorova.ru', '@repellendus', ',XkcA^', 'https://via.placeholder.com/640x480.png/002288?text=sed', 'Предположения, сметы и соображения, блуждавшие по лицу его, видно, были очень приятны, ибо ежеминутно оставляли после себя следы довольной усмешки. Занятый ими, он не много слышала подробностей о.', '1990-09-21', 882),
(16, 'Артем Доронин', '2021-01-04 00:00:00', '0', '+37034150133', 'kirill16@mysnikova.com', '@temporibus', '%6|#|qk]vh:?z/*P-i', 'https://via.placeholder.com/640x480.png/002211?text=molestiae', 'А ваше имя как? — спросила помещица. — Еще бы! Это бы могло составить, так сказать, паренье этакое… — Здесь он — знает уже, какая шарманка, но должен был на ярмарке, а приказчик мой тут без меня и.', '1984-07-08', 66),
(17, 'Богданов Ананий ', '2021-09-06 00:00:00', '0', '+594211612539', 'anfisa66@krasilnikova.com', '@porro', 'A$tm(0', 'https://via.placeholder.com/640x480.png/004488?text=qui', 'Скоро, однако ж, порядком. Хотя бричка мчалась во всю стену, писанные масляными красками, — словом, не пропустил ни одного часа не приходилось ему оставаться дома, смотреть за комнатой и чемоданом.', '1992-10-02', 184),
(18, 'Артемьеваа Алиса ', '2021-03-23 00:00:00', '0', '+9716267630527', 'yna.vorontova@semenov.ru', '@quo', '(E\'@ev1uDTr', 'https://via.placeholder.com/640x480.png/00dd99?text=ut', 'А — сколько было, брат, карет, и все время сидел он и вкривь и вкось и наступал беспрестанно на чужие ноги. Цвет лица имел каленый, горячий, какой бывает только на бумаге. Ну, так и выбирает место.', '2000-10-10', 472),
(19, 'Ефимова Полина ', '2021-03-13 00:00:00', '1', '+85381270811', 'flukina@hotmail.com', '@voluptas', 'O,HqidO|', 'https://via.placeholder.com/640x480.png/0066bb?text=alias', 'Чичиков не успел совершенно сбежать с лица, а уже стал другим среди тех же людей, и уже такие сведения! Я должен вам — пятнадцать рублей. Ну, теперь ясно? — Право, дело, да еще и пообедает с вами! и.', '1981-06-23', 557),
(20, 'Марта  Орехова', '2021-02-09 00:00:00', '0', '+8563319421301', 'antonina85@gmail.com', '@nulla', 'G;?:4?_{OA39A@yB', 'https://via.placeholder.com/640x480.png/004400?text=enim', 'Дождь, однако же, как-то вскользь, что в эту комнату хоть на край света, войти в какое хотите предприятие, менять все что хочешь, а не мне! Здесь Чичиков, не дожидаясь, что будет отвечать на это.', '1983-12-24', 124);

-- --------------------------------------------------------

--
-- Структура таблицы `userevent`
--

CREATE TABLE `userevent` (
  `id` int NOT NULL COMMENT 'id события',
  `doer_id` int NOT NULL COMMENT 'id  исполнителя',
  `task_id` int NOT NULL COMMENT 'id  задания',
  `event` varchar(120) CHARACTER SET utf8mb4 COLLATE utf8mb4_0900_ai_ci DEFAULT NULL COMMENT 'наименование события'
) ENGINE=InnoDB DEFAULT CHARSET=utf8mb3;

-- --------------------------------------------------------

--
-- Структура таблицы `userimage`
--

CREATE TABLE `userimage` (
  `id` int NOT NULL COMMENT 'id загруженного файла',
  `user_id` int NOT NULL COMMENT 'id пользователя, кто размещает файлы',
  `file_url` varchar(255) CHARACTER SET utf8mb4 COLLATE utf8mb4_0900_ai_ci DEFAULT NULL COMMENT 'url размещения загруженного файла'
) ENGINE=InnoDB DEFAULT CHARSET=utf8mb3;

-- --------------------------------------------------------

--
-- Структура таблицы `userstatistic`
--

CREATE TABLE `userstatistic` (
  `user_id` int NOT NULL COMMENT 'id  исполнителя',
  `views_number` int DEFAULT NULL COMMENT 'кол-во просмотров аккаунта исполнителя',
  `available_now` tinyint(1) DEFAULT '0' COMMENT 'свободен ли исполнитель',
  `last_visit` datetime NOT NULL COMMENT 'время последнего посещения сайта',
  `rating` int DEFAULT NULL COMMENT 'место в рейтинге исполнителей по количеству звёзд'
) ENGINE=InnoDB DEFAULT CHARSET=utf8mb3;

-- --------------------------------------------------------

--
-- Структура таблицы `user_category`
--

CREATE TABLE `user_category` (
  `user_id` int NOT NULL COMMENT 'id пользователя',
  `category_id` int NOT NULL COMMENT 'id категории'
) ENGINE=InnoDB DEFAULT CHARSET=utf8mb3 COMMENT='таблица связи';

--
-- Индексы сохранённых таблиц
--

--
-- Индексы таблицы `category`
--
ALTER TABLE `category`
  ADD PRIMARY KEY (`id`);

--
-- Индексы таблицы `respond`
--
ALTER TABLE `respond`
  ADD PRIMARY KEY (`id`),
  ADD KEY `fk_respond_doer_id` (`doer_id`),
  ADD KEY `fk_respond_task_id` (`task_id`);

--
-- Индексы таблицы `review`
--
ALTER TABLE `review`
  ADD PRIMARY KEY (`id`),
  ADD KEY `fk_review_client_id` (`client_id`),
  ADD KEY `fk_review_doer_id` (`doer_id`),
  ADD KEY `fk_review_task_id` (`task_id`);

--
-- Индексы таблицы `task`
--
ALTER TABLE `task`
  ADD PRIMARY KEY (`id`),
  ADD KEY `fk_task_client_id` (`client_id`),
  ADD KEY `fk_task_doer_id` (`doer_id`),
  ADD KEY `fk_task_town_id` (`town_id`),
  ADD KEY `fk_task_category_id` (`category_id`);

--
-- Индексы таблицы `town`
--
ALTER TABLE `town`
  ADD PRIMARY KEY (`id`);

--
-- Индексы таблицы `user`
--
ALTER TABLE `user`
  ADD PRIMARY KEY (`id`),
  ADD UNIQUE KEY `email` (`email`),
  ADD UNIQUE KEY `phone` (`phone`),
  ADD KEY `fk_user_town_id` (`town_id`);

--
-- Индексы таблицы `userevent`
--
ALTER TABLE `userevent`
  ADD PRIMARY KEY (`id`),
  ADD KEY `fk_userevent_doer_id` (`doer_id`),
  ADD KEY `fk_userevent_task_id` (`task_id`);

--
-- Индексы таблицы `userimage`
--
ALTER TABLE `userimage`
  ADD PRIMARY KEY (`id`),
  ADD KEY `fk_userimage_user_id` (`user_id`);

--
-- Индексы таблицы `userstatistic`
--
ALTER TABLE `userstatistic`
  ADD PRIMARY KEY (`user_id`);

--
-- Индексы таблицы `user_category`
--
ALTER TABLE `user_category`
  ADD PRIMARY KEY (`user_id`,`category_id`),
  ADD KEY `fk_user_category_category_id` (`category_id`);

--
-- AUTO_INCREMENT для сохранённых таблиц
--

--
-- AUTO_INCREMENT для таблицы `category`
--
ALTER TABLE `category`
  MODIFY `id` int NOT NULL AUTO_INCREMENT COMMENT 'id категории', AUTO_INCREMENT=25;

--
-- AUTO_INCREMENT для таблицы `respond`
--
ALTER TABLE `respond`
  MODIFY `id` int NOT NULL AUTO_INCREMENT COMMENT 'id отклика';

--
-- AUTO_INCREMENT для таблицы `review`
--
ALTER TABLE `review`
  MODIFY `id` int NOT NULL AUTO_INCREMENT COMMENT 'id отзыва';

--
-- AUTO_INCREMENT для таблицы `task`
--
ALTER TABLE `task`
  MODIFY `id` int NOT NULL AUTO_INCREMENT COMMENT 'id задания', AUTO_INCREMENT=16;

--
-- AUTO_INCREMENT для таблицы `town`
--
ALTER TABLE `town`
  MODIFY `id` int NOT NULL AUTO_INCREMENT COMMENT 'id города', AUTO_INCREMENT=2217;

--
-- AUTO_INCREMENT для таблицы `user`
--
ALTER TABLE `user`
  MODIFY `id` int NOT NULL AUTO_INCREMENT COMMENT 'id пользователя', AUTO_INCREMENT=21;

--
-- AUTO_INCREMENT для таблицы `userevent`
--
ALTER TABLE `userevent`
  MODIFY `id` int NOT NULL AUTO_INCREMENT COMMENT 'id события';

--
-- AUTO_INCREMENT для таблицы `userimage`
--
ALTER TABLE `userimage`
  MODIFY `id` int NOT NULL AUTO_INCREMENT COMMENT 'id загруженного файла';

--
-- Ограничения внешнего ключа сохраненных таблиц
--

--
-- Ограничения внешнего ключа таблицы `respond`
--
ALTER TABLE `respond`
  ADD CONSTRAINT `fk_respond_doer_id` FOREIGN KEY (`doer_id`) REFERENCES `user` (`id`) ON DELETE CASCADE ON UPDATE CASCADE,
  ADD CONSTRAINT `fk_respond_task_id` FOREIGN KEY (`task_id`) REFERENCES `task` (`id`) ON DELETE CASCADE ON UPDATE CASCADE;

--
-- Ограничения внешнего ключа таблицы `review`
--
ALTER TABLE `review`
  ADD CONSTRAINT `fk_review_client_id` FOREIGN KEY (`client_id`) REFERENCES `user` (`id`) ON DELETE CASCADE ON UPDATE CASCADE,
  ADD CONSTRAINT `fk_review_doer_id` FOREIGN KEY (`doer_id`) REFERENCES `user` (`id`) ON DELETE CASCADE ON UPDATE CASCADE,
  ADD CONSTRAINT `fk_review_task_id` FOREIGN KEY (`task_id`) REFERENCES `task` (`id`) ON DELETE CASCADE ON UPDATE CASCADE;

--
-- Ограничения внешнего ключа таблицы `task`
--
ALTER TABLE `task`
  ADD CONSTRAINT `fk_task_category_id` FOREIGN KEY (`category_id`) REFERENCES `category` (`id`) ON DELETE CASCADE ON UPDATE CASCADE,
  ADD CONSTRAINT `fk_task_client_id` FOREIGN KEY (`client_id`) REFERENCES `user` (`id`) ON DELETE CASCADE ON UPDATE CASCADE,
  ADD CONSTRAINT `fk_task_doer_id` FOREIGN KEY (`doer_id`) REFERENCES `user` (`id`) ON DELETE CASCADE ON UPDATE CASCADE,
  ADD CONSTRAINT `fk_task_town_id` FOREIGN KEY (`town_id`) REFERENCES `town` (`id`) ON DELETE CASCADE ON UPDATE CASCADE;

--
-- Ограничения внешнего ключа таблицы `user`
--
ALTER TABLE `user`
  ADD CONSTRAINT `fk_user_town_id` FOREIGN KEY (`town_id`) REFERENCES `town` (`id`) ON DELETE CASCADE ON UPDATE CASCADE;

--
-- Ограничения внешнего ключа таблицы `userevent`
--
ALTER TABLE `userevent`
  ADD CONSTRAINT `fk_userevent_doer_id` FOREIGN KEY (`doer_id`) REFERENCES `user` (`id`) ON DELETE CASCADE ON UPDATE CASCADE,
  ADD CONSTRAINT `fk_userevent_task_id` FOREIGN KEY (`task_id`) REFERENCES `task` (`id`) ON DELETE CASCADE ON UPDATE CASCADE;

--
-- Ограничения внешнего ключа таблицы `userimage`
--
ALTER TABLE `userimage`
  ADD CONSTRAINT `fk_userimage_user_id` FOREIGN KEY (`user_id`) REFERENCES `user` (`id`) ON DELETE CASCADE ON UPDATE CASCADE;

--
-- Ограничения внешнего ключа таблицы `userstatistic`
--
ALTER TABLE `userstatistic`
  ADD CONSTRAINT `fk_userstatistic_user_id` FOREIGN KEY (`user_id`) REFERENCES `user` (`id`) ON DELETE CASCADE ON UPDATE CASCADE;

--
-- Ограничения внешнего ключа таблицы `user_category`
--
ALTER TABLE `user_category`
  ADD CONSTRAINT `fk_user_category_category_id` FOREIGN KEY (`category_id`) REFERENCES `category` (`id`) ON DELETE CASCADE ON UPDATE CASCADE,
  ADD CONSTRAINT `fk_user_category_user_id` FOREIGN KEY (`user_id`) REFERENCES `user` (`id`) ON DELETE CASCADE ON UPDATE CASCADE;
COMMIT;

/*!40101 SET CHARACTER_SET_CLIENT=@OLD_CHARACTER_SET_CLIENT */;
/*!40101 SET CHARACTER_SET_RESULTS=@OLD_CHARACTER_SET_RESULTS */;
/*!40101 SET COLLATION_CONNECTION=@OLD_COLLATION_CONNECTION */;
